COG,departement,type,places,gestionnaire,adresse,code_postal,latitude,longitude
75117,75,HUDA,118,SOS SOLIDARITES,2 BIS PASSAGE DU PETIT CERF ,75017,48.893212,2.316398
49328,49,HUDA,109,ASEA,2 BIS AVENUE BALZAC,49400,47.25283,-0.080445
63063,63,HUDA,180,ANEF,1 RUE ROBERT LEMOY 63 118 CEBAZAT,63118,45.817105,3.110242
53130,53,HUDA,116,FTDA,1 RUE DU COLONEL FLATTERS - 53000 LAVAL,53000,48.068529,-0.776878
94028,64,HUDA,150,COALLIA,"13-15 Rue Claude Nicolas Ledoux, 94000 Créteil",94000,48.7771486,2.4530731
69205,69,HUDA,85,FORUM REFUGIES,"15, RUE DE CHAPOLY ",69290,45.765784,4.729333
78005,78,HUDA,200,CRF,2 ALL EDOUARD BRANLY  ,78260,48.984602,2.005576
6088,6,HUDA,296,ALC,2 AVENUE DU DR EMILE ROUX,6000,43.675435,7.226992
7186,7,HUDA,22,ESPOIR,2 BOULEVARD DES MOBILES,7000,44.735002,4.601464
71076,71,HUDA,125,ADOMA,2 RUE MARTIN LUTHER KING,71100,46.794742,4.839642
40192,40,HUDA,52,LANDANA,21 RUE HENRI DUPARC,40000,43.894227,-0.505457
83072,83,HUDA,95,ESV,240 RUE DES TUFFS ,83510,43.497077,6.360934
31555,31,HUDA,125,FORUM REFUGIES,394 ROUTE DE SAINT-SIMON,31000,43.610448,1.422931
39300,39,HUDA,31,CCAS,4 AVENUE DU 44E REGIMENT D'INFANTERIE,39000,46.671896,5.558872
69264,69,HUDA,87,ADOMA,466 BOULEVARD ALBERT CAMUS,69400,45.98081,4.728536
14118,14,HUDA,58,DEUX CHOSES L'UNE,57 COURS CAFFARELLI,14000,49.18055,-0.342732
54528,54,HUDA,60,ARELIA,5BIS RUE DU PONT DES CORDELIERS,54200,48.676838,5.892562
22113,22,HUDA,60,AMISEP,64 RUE DE KRA DOUA,22113,48.742571,-3.462788
58194,58,HUDA,61,FOL 58,7 RUE DU COMMANDANT RIVIERE,58000,46.990486,3.171032
2722,2,HUDA,231,COALLIA,82 AVENUE DE REIMS,2200,49.373978,3.34053
71270,71,HUDA,155,LE PONT,912 AVENUE MARECHAL DE LATTRE DE TASSIGNY,71000,46.31138,4.838198
97301,973,HUDA,60,HUMANITY FIRST,ROUTE DE SUZINI ,97390,45,-3
16374,16,CADA,140,CSCS DE LA GRANDE GARENNE,"1 Allee De Rochesoubise, 16800 Soyaux, France",16800,45.638259,0.17531
91692,91,HUDA,100,ADOMA,1 AVENUE DE SAINTONGE,91940,48.682486,2.165061
76575,76,HUDA,30,COALLIA,1 AVENUE DES CANADIENS,76800,49.403861,1.066972
76322,76,CADA,60,COALLIA,"1 Avenue Des Canadiens, 76800 Le Grand-Quevilly, France",76800,49.404634,1.067309
25056,25,CAES,30,ADOMA,"1 Avenue Georges Clemenceau, 25000 Besançon, France",25000,47.2419143,6.0145653
34142,34,CPH,60,COEUR HERAULT,"1 Avenue Joseph Railhac, 34700 Lodève, France",34700,43.732249,3.314062
94041,94,HUDA,220,AURORE,1 AVENUE PIERRE SEMARD,94200,48.813297,2.382031
21231,21,CAES,80,COALLIA,"1 bis Rue des Creuzots, 21000 Dijon, France",21000,47.3030395,5.0264447
22113,22,CADA,176,AMISEP,"1 Boulevard d'Armor, 22300 Lannion, France",22300,48.743747,-3.472389
31555,31,CADA,123,ARSEAA,"1 Cheminement Louis Auriacombe, 31100 Toulouse, France",31100,43.569906,1.402676
78551,78,CADA,95,COALLIA,"1 Cite Coligny, 78100 Saint-Germain-en-Laye, France",78100,48.95494,2.086223
45169,45,HUDA,30,ADOMA,1 IMPASSE DE LA MOUCHETIERE,45140,47.903625,1.85924
41232,41,CADA,60,COALLIA,"1 Impasse Louis Boichot, 41300 Salbris, France",41300,47.424923,2.045746
9122,9,CPH,27,FRANCE HORIZON,"1 Les Bruilhols, 09000 Foix, France",9000,42.974991,1.608031
9122,9,CADA,48,FRANCE HORIZON,"1 Les Bruilhols, 09000 Foix, France",9000,42.974991,1.608031
55014,55,CPH,24,SEISAAM,"1 Locheres, 55120 Aubréville, France",55120,49.133376,5.038299
97302,973,HUDA,450,CRF,1 PL VICTOR SCHOELCHER ,97300,45,-3
53157,53,CADA,230,FTDA,"1 Place Jeanne d’Arc, 53970 Montigné-le-Brillant, France",53970,48.008167,-0.816578
91223,91,CADA,130,ADOMA,"1 Route De Brieres-les-Scelles, 91150 Étampes, France",91150,48.450838,2.171648
11262,11,CADA,70,SOLIHA,"1 Rue Calas, 11100 Narbonne, France",11100,43.183544,2.999629
13004,13,CADA,86,SOS SOLIDARITES,"1 Rue Charles Chaplin, 13200 Arles, France",13200,43.665372,4.633328
13055,13,CADA,85,JANE PANIER,"1 Rue Crillon, 13005 Marseille, France",13005,43.29006,5.397949
44109,44,CADA,100,FTDA,"1 Rue De l'Allier, 44000 Nantes, France",44000,47.213842,-1.537214
21154,21,HUDA,101,COALLIA,1 RUE DE LA CHARME,21400,47.85508,4.572319
63278,63,CPH,70,CE CLER,"1 Rue De La Croix De Fer, 63200 Pessat-Villeneuve, France",63200,45.926821,3.156781
19025,19,CADA,40,VILTAIS,"1 Rue De La Fontaine, 19230 Beyssenac, France",19230,45.4032230128731,1.28387052888633
45169,45,CADA,110,ADOMA,"1 Rue de la Mouchetière, 45140 Ingré, France",45140,47.903752,1.859183
29019,29,CPH,75,COALLIA,"1 Rue de Madagascar, 29200 Brest, France",29200,48.386037,-4.479483
95428,95,HUDA,112,FRANCE HORIZON,1 RUE DES GRANGES,95160,48.984589,2.322444
36006,36,HUDA,65,AIDAPHI,1 RUE DES NATIONS,36200,46.595839,1.510703
36044,36,CADA,138,COALLIA,"1 Rue Des Nations, 36000 Châteauroux, France",36000,46.813755,1.712309
21231,21,HUDA,169,ADOMA,1 RUE DES VERRIERS,21000,47.30156,5.036
21231,21,CPH,50,ADOMA,"1 Rue Des Verriers, 21000 Dijon, France",21000,47.300554,5.036833
21231,21,CADA,95,ADOMA,"1 Rue Des Verriers, 21000 Dijon, France",21000,47.300554,5.036833
77389,77,CPH,93,UCJG,"1 Rue Du Rocheton, 77000 La Rochette, France",77000,48.506254,2.659235
93066,93,HUDA,27,FTDA,1 RUE EDOUARD VAILLANT ,93200,48.937946,2.359627
93066,93,CADA,170,FTDA,"1 Rue Edouard Vaillant, 93200 Saint-Denis, France",93200,48.937946,2.359627
93061,93,CPH,125,AURORE,"1 Rue Jean Baptiste Clement, 93310 Le Pré-Saint-Gervais, France",93310,48.88952,2.400769
15187,15,CADA,60,FORUM REFUGIES COSI,"1 Rue Jean Jaurés, 15100 St.-Flour, France",15100,45.039234,3.101559
41018,41,CPH,50,ASLD ,"1 Rue Jehan De Saveuse, 41000 Blois, France",41000,47.588101,1.338447
62510,62,CADA,115,APSA,"1 Rue Maurice Ravel, 62800 Liévin, France",62800,50.422664,2.762444
70253,70,HUDA,30,AHS FC,1 RUE SAINT JOSEPH,70700,47.461834,5.897525
13055,13,CPH,80,ELIA,"1 Rue Saint-Ferréol, 13001 Marseille, France",13001,43.295918,5.377025
68224,68,HUDA,53,ACCES,"1 RUE SAINTE CLAIRE
",68100,47.745157,7.333211
71176,71,HUDA,100,ADOMA,1 RUE VICTOR HUGO,71160,46.490772,3.997764
49099,49,HUDA,40,ADOMA,1 SQUARE EMILE LITTRE,49300,47.043393,-0.880544
49099,49,CADA,150,ADOMA,"1 Square Emile Littré, 49300 Cholet, France",49300,47.043393,-0.880544
62041,62,HUDA,20,AUDASSE,1 VOIE BOSSUET,62000,50.300318,2.744252
62041,62,CADA,144,AUDASSE,"1 Voie Bossuet, 62000 Arras, France",62000,50.300318,2.744252
44162,44,HUDA,189,ANEF FERRER,"1, AVENUE DE L'ANGEVINIERE",44800,47.238941,-1.594812
53130,53,CPH,85,FTDA,"10 Allée Louis Vincent, 53000 Laval, France",53000,48.068486,-0.794094
94078,94,CPH,130,COALLIA,"10 Avenue De l'Europe, 94190 Villeneuve-Saint-Georges, France",94190,48.728075,2.453509
8105,8,CADA,95,AATM,"10 Avenue des Martyrs de la Résistance, 08000 Charleville-Mézières, France",8000,49.759157,4.721026
38316,38,CADA,359,ADOMA,"10 Impasse De La Rivière, 38230 Pont-de-Chéruy, France",38230,45.7569,5.179801
30028,30,CADA,90,CRF,"10 Impasse du Quartier, 30200 Bagnols-sur-Cèze, France",30200,44.15879,4.628221
70310,70,HUDA,30,AHSSEA,10 RUE DE BOURDIEU,70203,47.686475,6.484106
70310,70,CPH,50,AHSSEA,"10 Rue De Bourdieu, 70200 Lure, France",70200,47.686475,6.484106
70310,70,CADA,182,AHSSEA,"10 Rue De Bourdieu, 70200 Lure, France",70200,47.686475,6.484106
6088,6,CADA,180,API PROVENCE,"10 Rue De Maeyer, 06300 Nice, France",6300,43.69965,7.288291
74225,74,CADA,131,ALFA3A,"10 Rue des Prés Riants, 74150 Rumilly, France",74150,45.859456,5.954781
37122,37,HUDA,76,COALLIA,10 RUE DU CHEMIN VERT,37300,47.35673,0.695937
37233,37,HUDA,60,ADOMA,10 RUE DU CHEMIN VERT,37700,47.396113,0.716266
56178,56,CPH,47,AMISEP,"10 Rue Du Médecin Général Robic, 56300 Pontivy, France",56300,48.06901,-2.963193
56178,56,CADA,351,AMISEP,"10 Rue Du Médecin Général Robic, 56300 Pontivy, France",56300,48.06901,-2.963193
69123,69,CPH,51,FORUM REFUGIES,"10 Rue Louis Hugonnencq, 69008 Lyon, France",69008,45.730586,4.885343
64102,64,CADA,96,ATHERBEA,"10 Rue Louis Seguin, 64100 Bayonne, France",64100,43.484821,-1.499181
47001,47,CPH,65,SAUVEGARDE,"10 Rue Paul Arjo, 47000 Agen, France",47000,44.200347,0.617475
19272,19,CPH,57,LE ROC,"10 Rue Pièce Verdier, 19000 Tulle, France",19000,45.272111,1.768401
19272,19,CADA,100,LE ROC,"10 Rue Pièce Verdier, 19000 Tulle, France",19000,45.272111,1.768401
3185,3,CADA,90,VILTAIS,"10 Rue Porte Saint Pierre, 03100 Montluçon, France",3100,46.3413591200123,2.60261929740083
53096,53,HUDA,68,FRANCE HORIZON,"10-12 RUE DE BRETAGNE 
53500 ERNEE",53500,48.293667,-0.926679
69123,69,HUDA,175,FORUM REFUGIES,102 AVENUE GENERAL FRERE,69007,45.73105,4.837052
91589,91,CADA,230,FTDA,"103 Avenue De Fromenteau, 91600 Savigny-sur-Orge, France",91600,48.6887,2.36903
40088,40,CADA,85,SOS SOLIDARITES,"104 Avenue Georges Clémenceau, 40100 Dax, France",40100,43.707546,-1.044929
16015,16,HUDA,16,AFUS,104 RUE DE LIMOGES,16000,45.658239,0.17123
60471,60,CPH,70,COALLIA,"1048 Rue d'Orroire, 60400 Noyon, France",60400,49.570283,3.019106
60471,60,HUDA,46,COALLIA,"1048, RUE D'ORROIRE",60400,49.570283,3.019106
10387,10,HUDA,125,COALLIA,105 AVENUE GENERAL GEORGES VANIER ,10000,48.307792,4.069113
50502,50,HUDA,128,COALLIA,108 RUE BELLEVUE,50000,49.110944,-1.091458
80021,80,CADA,268,COALLIA,"109 Rue du Faubourg de Hem, 80000 Amiens, France",80000,49.901751,2.279204
95487,95,HUDA,50,COALLIA,109 RUE JEAN CATELAS,95340,49.157286,2.282883
95487,95,CADA,115,COALLIA,"109 Rue Jean Catelas, 95340 Persan, France",95340,49.157286,2.282883
77390,77,CADA,130,COALLIA,"10a Av Joseph Bodin De Boismortier, 77680 Roissy-en-Brie, France",77680,48.799622,2.644671
27229,27,CADA,129,FTDA,"11 Avenue du Château, 27000 Évreux, France",27000,49.023132,1.121391
26362,26,CADA,105,ADOMA,"11 Impasse De Mauboule, 26000 Valence, France",26000,44.906006,4.873933
21485,21,CADA,80,COALLIA,"11 Route de Dijon, 21370 Plombières-lès-Dijon, France",21370,47.336785,4.98127
84007,84,CADA,104,PASSERELLE,"11 Rue Antoine de Saint-Exupéry, 84000 Avignon, France",84000,43.931269,4.844949
62525,62,HUDA,20,MAHRA LE TOIT,"11 RUE BRUEGHEL
",62219,50.742336,2.270627
62525,62,CADA,70,Mahra le toit,"11 Rue Brueghel, 62219 Longuenesse, France",62219,50.742336,2.270627
2018,2,CPH,50,COALLIA,"11 Rue Carnot, 02320 Anizy-le-Grand, France",2320,49.506471,3.451033
87085,87,HUDA,110,ARSL,11 RUE DE DION BOUTON,87000,45.883849,1.274555
24322,24,CPH,38,FTDA,"11 Rue Des Mobiles De Coulmiers, 24000 Périgueux, France",24000,45.185703,0.711805
54357,54,CPH,36,ARS,"11 Rue Jean Jaurès, 54320 Maxéville, France",54320,48.709004,6.168649
54357,54,CADA,183,ARS,"11 Rue Jean Jaurès, 54320 Maxéville, France",54320,48.709004,6.168649
60057,60,HUDA,27,COALLIA,11 RUE MARCEL COQUET,60000,49.445717,2.093943
60395,60,HUDA,75,COALLIA,11 RUE MARCEL COQUET,60110,49.223916,2.137876
77350,77,HUDA,63,COALLIA,11 SQUARE FELIX EBOUE,77330,48.7708,2.687268
59599,59,CADA,104,AIR,"110 Rue Du Général Bonnaud, 59200 Tourcoing, France",59200,50.726188,3.179354
29019,29,HUDA,200,COALLIA,110 RUE PIERRE SEMARD,29000,48.386953,-4.542463
94046,94,CPH,129,FTDA,"112 Chemin Vert Des Meches, 94000 Maisons-Alfort, France",94000,48.795002,2.440014
94046,94,CADA,80,FTDA,"112 Chemin Vert Des Meches, 94000 Maisons-Alfort, France",94000,48.795002,2.440014
94046,94,CADA,200,FTDA,"112 Chemin Vert Des Meches, 94000 Maisons-Alfort, France",94000,48.795002,2.440014
10340,10,HUDA,20,AURORE,1164 ROUTE DE TROYES ,10120,48.254014,4.028116
74185,74,CPH,85,ALFA3A,"117 Chemin Des Chataigniers, 74560 Monnetier-Mornex, France",74560,46.165369,6.229029
54184,54,CADA,160,ADOMA,"118 Av Du 69e Regiment d’Infanterie, 54270 Essey-lès-Nancy, France",54270,48.709011,6.239186
54184,54,HUDA,70,ADOMA,118 AVENUE 69EME RI,54270,48.70491,6.227973
13055,13,HUDA,150,FRANCE HORIZON,118 LA CANEBIERE,13002,43.304506,5.367604
5023,5,CADA,60,FDT EDITH STEIZER,"118 Route De Grenoble, 05100 Briançon, France",5100,44.918614,6.621068
48095,48,HUDA,30,LA TRAVERSE,12 AVENUE DE LA GARE,48000,44.521992,3.501169
77307,77,CPH,150,EQUALIS,"12 Avenue De La Société Des Nations, 77144 Montévrain, France",77144,48.865941,2.75888
27375,27,CPH,30,ADOMA,"12 Avenue des Abattoirs, 27400 Louviers, France",27400,49.224447,1.175127
72181,72,CPH,80,Montjoie,"12 Avenue du Général Leclerc, 72000 Le Mans, France",72000,48.000604,0.196906
59350,59,CAES,100,ADOMA,"12 Avenue Du Président Hoover, 59800 Lille, France",59800,50.6298183,3.0772937
10333,10,CADA,86,ASSAGE,"12 Cour Pablo Picasso, 10120 Saint-André-les-Vergers, France",10120,48.285642,4.060711
38169,38,HUDA,224,ADATE,12 PLACE DES ECRINS,38600,45.196908,5.684568
38169,38,CADA,140,ADATE,"12 Place Des Ecrins, 38600 Fontaine, France",38600,45.196908,5.684568
86264,86,CADA,58,CRF,"12 Route De Guidoume, 86160 Sommières-du-Clain, France",86160,46.279024,0.36318
90010,90,CPH,50,ADOMA,"12 Rue André Le Nôtre, 90000 Belfort, France",90000,47.632204,6.846163
32013,32,CPH,40,REGAR,"12 Rue De Lorraine, 32000 Auch, France",32000,43.64936,0.585069
72181,72,HUDA,80,FRANCE HORIZON,12 RUE DE POLOGNE,72000,47.992631,0.233334
25056,25,CADA,135,ADOMA,"12 Rue des Saint-Martin, 25000 Besançon, France",25000,47.2431,5.99587
25056,25,HUDA,81,ADOMA,12 RUE DES ST MARTIN,25000,47.21638,5.97533
68226,68,CADA,58,ACCES,"12 Rue Du Badischhof, 68140 Munster, France",68140,48.038729,7.152269
95476,95,CPH,120,COALLIA,"12 Rue Du Général De Gaulle, 95520 Osny, France",95520,49.057386,2.066913
95476,95,CADA,115,COALLIA,"12 Rue Du Général De Gaulle, 95520 Osny, France",95520,49.057386,2.066913
28229,28,HUDA,61,FA CHARTRAIN,12 RUE HUBERT LATHAM,28300,48.630564,1.148329
28085,28,CADA,150,foyer accueil chartrain,"12 Rue Hubert Latham, 28000 Chartres, France",28000,48.451929,1.49798
37261,37,HUDA,56,EMERGENCE,12 RUE LOUIS MIRAULT,37000,47.381527,0.701718
10387,10,HUDA,155,ADOMA,12-16 RUE FRANCOIS SERQUEIL,10000,48.307095,4.080837
65440,65,HUDA,30,UDAF,"12, AVENUE BERTRAND BARERE",65000,43.234854,0.072644
32013,32,HUDA,110,REGAR,"12, RUE DE LORRAINE ",32000,43.64936,0.585069
16015,16,CADA,140,FTDA,"121 Rue De Saintes, 16000 Angoulême, France",16000,45.659446,0.142297
63063,63,CADA,130,ADOMA,"122 Avenue De La République, 63118 Cébazat, France",63118,45.819554,3.106851
62178,62,HUDA,16,HABITAT INSERTION,122 RUE D ARGENTINE,62700,50.470865,2.549329
64445,64,HUDA,90,OGFA,"124 BOULEVARD TOURASSE,",64000,43.311785,-0.361772
94028,94,HUDA,238,FTDA,124 RUE DU CHEMIN VERT DES MECHES,94000,48.793015,2.442389
68224,68,CPH,67,ALEOS,"124 Rue Vauban, 68100 Mulhouse, France",68100,47.760488,7.345227
63063,63,HUDA,35,ADOMA,"125 AVENUE DE LA REPUBLIQUE,",63118,45.819554,3.106851
47001,47,HUDA,124,SAUVEGARDE,125 RUE DE PECHABOUT,47000,44.2024608101764,0.626233232373413
28134,28,CADA,80,GIP RELAIS LOGEMENT,"125 Rue Du Bois Sabot, 28100 Dreux, France",28100,48.739736,1.354167
59291,59,HUDA,45,AEP,127 AVENUE GAMBETTA,59330,50.257318,3.908995
59291,59,CADA,60,AEP,"127 Rue Gambetta, 59330 Hautmont, France",59330,50.258595,3.907866
31555,31,HUDA,40,A.R.S.E.A.A,"128 BIS, ROUTE DE SAINT-SIMON",31000,43.610448,1.422931
31555,31,CPH,60,A.R.S.E.A.A,"128 Route de Saint-Simon, 31100 Toulouse, France",31100,43.569242,1.379201
24037,24,CPH,50,ATELIER,"129 Avenue Aristide Briand, 24100 Bergerac, France",24100,44.848854,0.463134
38298,38,HUDA,310,ADOMA,"129, RUE DU PROGRES",38550,45.373994,4.794266
18033,18,CADA,92,SAINT FRANCOIS,"12bis Boulevard Georges Clémenceau, 18000 Bourges, France",18000,47.085542,2.400598
43112,43,CADA,90,HOSPITALITE EN LANGEADOIS,"13 Avenue d'Auvergne, 43300 Langeac, France",43300,45.110116,3.491716
13063,13,HUDA,250,ENTRAIDE PIERRE VALDO,"13 AVENUE DE BELGIQUE, 13140 Miramas",13140,43.596392,4.998108
42187,42,HUDA,74,ADOMA,13 BOULEVARD DU CIMETIERE,42300,46.052663,4.072723
77126,77,CADA,80,LA ROSE DES VENTS,"13 Chemin De Meaux, 77440 Congis-sur-Thérouanne, France",77440,49.013714,2.958662
40046,40,CADA,141,SOS SOLIDARITES,"13 Place Des Chênes Verts, 40600 Biscarrosse, France",40600,44.392203,-1.164908
16102,16,HUDA,23,POLE MOSAIQUE,13 RUE ALEXANDRE DUMAS 16100 COGNAC,16100,45.692008,-0.322628
22106,22,HUDA,116,COALLIA,13 RUE AMBROISE PARE,22360,48.49874,-2.730859
22278,22,CAES,30,COALLIA,"13 Rue Ambroise Paré, 22000 Saint-Brieuc, France",22000,48.5224521,-2.7242374
22106,22,CADA,255,COALLIA,"13 Rue Ambroise Paré, 22360 Langueux, France",22360,48.49874,-2.730859
40088,40,CADA,63,CRF,"13 Rue De l'Epargne, 40100 Dax, France",40100,43.7080240629981,-1.04202944805797
76540,76,CPH,70,FTDA,"13 Rue De Malherbe, 76100 Rouen, France",76100,49.434759,1.083538
29233,29,CPH,22,COALLIA,"13 Rue de Pont-Aven, 29300 Quimperlé, France",29300,47.87364,-3.550791
29233,29,CADA,109,COALLIA,"13 Rue de Pont-Aven, 29300 Quimperlé, France",29300,47.87364,-3.550791
42019,42,CADA,116,ADOMA,"13 Rue De Roanne, 42130 Boën-sur-Lignon, France",42130,45.746603,4.00347
77389,77,CADA,32,LE ROCHETON,"13 Rue Des Campouais, 77000 La Rochette, France",77000,48.50954,2.661533
10387,10,HUDA,105,AATM,13 RUE DU CHEVALIER AU LION,10000,48.301195,4.079631
79191,79,CAES,30,L' escale,"13 Rue Du Coteau Saint-hubert, 79000 Niort, France",79000,46.3397005,-0.4818141
27056,27,CADA,27,YSOS,"13 Rue Du Neubourg, 27300 Bernay, France",27300,49.092225,0.606921
52448,52,HUDA,44,RELAIS 52,13 RUE DU ROBINSON,52100,48.637403,4.926448
38185,38,HUDA,60,ENTRAIDE PIERRE VALDO,130 COURS BERRIAT,38000,45.188722,5.709605
38185,38,HUDA,340,ENTRAIDE PIERRE VALDO,130 COURS BERRIAT,38000,45.188722,5.709605
38185,38,CADA,177,ADSEA38,"130 Cours Berriat, 38000 Grenoble, France",38000,45.188722,5.709605
13055,13,CADA,144,ADOMA,"135 Chemin De La Commanderie, 13015 Marseille, France",13015,43.345032,5.361054
78586,78,CPH,100,SOS SOLIDARITES,"136 Rue Léon Jouhaux, 78500 Sartrouville, France",78500,48.948807,2.191204
34032,34,CADA,80,AG FJT E CLAPAREDE,"138 Chemin De l'Oasis, 34500 Béziers, France",34500,43.361418,3.217284
67482,67,CAES,215,HORIZON AMITIE,"139 Route de Schirmeck, 67200 Strasbourg, France",67200,48.5704301,7.7114703
87161,87,CADA,40,AUDACIA,"14 Avenue De Clermont, 87400 Saint-Léonard-de-Noblat, France",87400,45.840675,1.493003
86194,86,HUDA,141,AUDACIA,14 BIS RUE DE LA CROIX BOURDON,86000,46.586427,0.370321
92046,92,CPH,160,COALLIA,"14 Impasse Carnot, 92240 Malakoff, France",92240,48.815861,2.300563
92025,92,CPH,100,COALLIA,"14 Rue De Frankenthal, 92700 Colombes, France",92700,48.92581,2.239442
34032,34,CADA,90,CIMADE,"14 Rue De La Rotonde, 34500 Béziers, France",34500,43.339234,3.218046
75114,75,CADA,60,COALLIA,"14 Rue du Cange, 75014 Paris, France",75014,48.834241,2.31473
69091,69,CADA,155,ADOMA,"14 Rue Du Moulin, 69700 Givors, France",69700,45.588277,4.76803
26362,26,CPH,56,DIACONAT PROTESTANT,"14 Rue du Pont du Gât, 26000 Valence, France",26000,44.928328,4.895398
92050,92,CADA,167,COALLIA,"14 Rue Du Président Paul Doumer, 92000 Nanterre, France",92000,48.896462,2.197812
67437,67,HUDA,364,ACCUEIL SANS FRONTIERES,14 RUE DU TRIBUNAL,67700,48.740584,7.364658
67437,67,CADA,126,ACCUEIL SANS FRONTIERES,"14 Rue Du Tribunal, 67700 Saverne, France",67700,48.740584,7.364658
30189,30,CADA,105,CRF,"14 Rue Jeanne d'Arc, 30000 Nîmes, France",30000,43.833109,4.362813
31555,31,HUDA,92,ACSC,14 RUE VELANE,31000,43.596514,1.448966
31555,31,CADA,60,ACSC,"14 Rue Vélane, 31000 Toulouse, France",31000,43.596514,1.448966
16015,16,HUDA,50,COS,14-16 ALLEE DU CHAMP BRUN 16000 ANGOULEME,16000,45.629993,0.151384
60414,60,HUDA,100,COALLIA,"14, RUE ANDRE GINISTI",60160,49.255083,2.427508
6088,6,CPH,46,ALC,"140 Boulevard De l'Ariane, 06300 Nice, France",6300,43.736504,7.305828
68066,68,CADA,87,ACCES,"140 Rue Du Logelbach, 68000 Colmar, France",68000,48.084498,7.326673
73222,73,HUDA,81,LA SASSON,142 RUE DE LA PERRODIERE,73230,45.577834,5.958849
69244,69,CPH,56,ENTRAIDE PIERRE VALDO,"142 Rue Joliot Curie, 69160 Tassin-la-Demi-Lune, France",69160,45.753508,4.774921
72328,72,HUDA,230,TARMAC,"143 ROUTE DE COULAINES,",72190,48.026177,0.219305
72328,72,CADA,100,TARMAC,"143 Route De Coulaines, 72190 Sargé-lès-le-Mans, France",72190,48.026195,0.219334
24322,24,HUDA,48,APARE,145 RUE COMBE DES DAMES,24000,45.195774,0.723484
24322,24,CADA,99,APARE,"145 Rue Combe Des Dames, 24000 Périgueux, France",24000,45.195774,0.723484
80021,80,CPH,34,AEP,"145 Rue Dejean, 80000 Amiens, France",80000,49.8907,2.319367
39198,39,CPH,50,COOP AGIR,"15 Avenue De Landon, 39100 Dole, France",39100,47.099498,5.493079
25056,25,HUDA,86,ASH FC,15 AVENUE DENFERT-ROCHEREAU,25000,47.2446,6.02745
57224,57,CADA,90,ADOMA,"15 Avenue Foch, 57730 Folschviller, France",57730,49.071656,6.687368
13055,13,CADA,158,LA CARAVELLE,"15 Boulevard Merle, 13012 Marseille, France",13012,43.301143,5.415974
75112,75,HUDA,80,COALLIA,15 COUR SAINT ELOI,75012,48.847316,2.388855
3135,3,CPH,50,VILTAIS,"15 Place De La Liberté, 03450 Lalizolle, France",3450,46.1566617394344,3.00394871067171
84007,84,HUDA,174,ADOMA,15 ROUTE DE LYON,84000,43.950437,4.823448
1053,1,CPH,53,ALFA3A,"15 Route de Seillon, 01000 Bourg-en-Bresse, France",1000,46.185411,5.233603
67482,67,CADA,90,HORIZON AMITIE,"15 Rue d'Altkirch, 67100 Strasbourg, France",67100,48.560111,7.767757
68352,68,CADA,84,ADOMA,"15 Rue Du Charme, 68600 Volgelsheim, France",68600,48.017103,7.546223
77215,77,CADA,119,SOS SOLIDARITES,"15 Rue Gustave Eiffel, 77220 Gretz-Armainvilliers, France",77220,48.735157,2.732353
45147,45,CADA,119,CRF,"15 Rue Marx Dormoy, 45400 Fleury-les-Aubrais, France",45400,47.926352,1.916664
71076,71,CADA,115,APAR,"15 Rue Thomas Dumorey, 71100 Chalon-sur-Saône, France",71100,46.770747,4.859892
80021,80,HUDA,106,AEP,15 RUE VOLTAIRE,80000,49.908012,2.320369
62744,62,HUDA,21,LE COIN FAMILIAL,"15, RUE CAMILLE COROT",62223,50.305492,2.762966
79130,79,HUDA,73,AUDACIA,150 ROUTE DE BRIOUX,79270,46.246539,-0.534778
10034,10,CADA,90,COALLIA,"151 Grande Rue De La Resistance, 10110 Bar-sur-Seine, France",10110,48.114448,4.37325
83137,83,HUDA,146,FORUM REFUGIES,155 AVENUE FRANKLIN ROOSEVELT ,83000,43.120044,5.939448
9225,9,CADA,14,HERISSON BELIOR,"156 Route De Calmont, 09100 Pamiers, France",9100,43.133171,1.647544
33039,33,CADA,180,FTDA,"157 Cours Victor Hugo, 33130 Bègles, France",33130,44.808235,-0.561464
45254,45,CPH,41,IMANIS,"159 Route de Bourges, 45500 Poilly-lez-Gien, France",45500,47.665216,2.62029
76681,76,CPH,50,SOS SOLIDARITES,"159bis Rue Pierre Corneille, 76300 Sotteville-lès-Rouen, France",76300,49.418896,1.096275
15014,15,CADA,159,FTDA,"15b Avenue Des Volontaires, 15000 Aurillac, France",15000,44.917422,2.440084
55545,55,CADA,241,SESAAM,"16 Allee Du Pre l’Eveque, 55100 Verdun, France",55100,49.153628,5.378965
70207,70,HUDA,84,AHSRA,16 AVENUE DE LA VICTOIRE ,70000,47.611391,6.14877
2810,2,HUDA,80,DIACONESSES DE REUILLY,16 Avenue du Rossignol,2600,49.256845,3.088475
31555,31,HUDA,60,ESPOIR,16 CHEMIN DE FAGES,31000,43.583439,1.464594
77480,77,CADA,120,COALLIA,"16 Rue André Taboulet, 77830 Valence-en-Brie, France",77830,48.444757,2.889266
11206,11,CADA,90,FTDA,"16 Rue Blériot, 11300 Limoux, France",11300,43.070245,2.219577
21154,21,CADA,164,COALLIA,"16 Rue De La Charme, 21400 Châtillon-sur-Seine, France",21400,47.855232,4.572278
57463,57,CADA,142,AIEM,"16 Rue De Stoxey, 57070 Metz, France",57070,49.120421,6.195996
57221,57,CADA,120,AMLI,"16 Rue Des Ecoles, 57190 Florange, France",57190,49.322978,6.13563
69204,69,CADA,130,ADOMA,"16 Rue des Sources, 69230 Saint-Genis-Laval, France",69230,45.694395,4.819457
93048,93,CADA,140,COS,"16 Rue du Midi, 93100 Montreuil, France",93100,48.869501,2.437347
57463,57,HUDA,240,AEIM,16 RUE DU STOXEY,57000,49.118337,6.180482
25056,25,CPH,45,ASH FC,"16 Rue Gambetta, 25000 Besançon, France",25000,47.240202,6.025754
25056,25,CADA,158,AHS FC,"16 Rue Gambetta, 25000 Besançon, France",25000,47.2402,6.02575
18033,18,CPH,57,LE RELAIS,"16 Rue Gerard Philipe, 18000 Bourges, France",18000,47.102055,2.410751
18033,18,HUDA,95,LE RELAIS,16 RUE GERARD PHILIPPE,18000,47.102055,2.410752
14047,14,HUDA,15,J CORNU,16 RUE SAINT-FLOXE,14400,49.2775,-0.696682
1457,1,HUDA,46,ALFA3A,160 RUE DU 12 JUIN,1540,46.216574,4.99522
16015,16,HUDA,59,ANGOULEME SOLIDARITE,17 BIS RUE DES LIGNES,16000,45.658615,0.168482
78403,78,HUDA,130,AURORE,17 RUE BERTHE MORISOT,78250,49.000632,1.883419
8363,8,HUDA,50,ADOMA,17 RUE DES GENETS,8500,49.929561,4.633164
8363,8,CADA,106,ADOMA,"17 Rue Des Genets, 08500 Revin, France",8500,49.929561,4.633164
89025,89,HUDA,130,VILTAIS,17 RUE DU BEL AIR,89200,47.4884,3.908735
38298,38,CADA,170,ADOMA,"17 Rue Du Limousin, 38550 Le Péage-de-Roussillon, France",38550,45.36631,4.793541
77284,77,CPH,55,ARILE,"17 Rue du Palais de Justice, 77100 Meaux, France",77100,48.960687,2.883392
80001,80,CADA,90,COALLIA,"17 Rue Lesueur, 80100 Abbeville, France",80100,50.105307,1.830457
30007,30,CPH,32,LA CLEDE,"17 Rue Montbounoux, 30100 Alès, France",30100,44.124773,4.084749
30007,30,CADA,120,LA CLEDE,"17 Rue Montbounoux, 30100 Alès, France",30100,44.124773,4.084749
27056,27,CPH,50,YSOS,"17 Rue Orderic Vital, 27300 Bernay, France",27300,49.08672,0.595564
67180,67,CAES,135,La Vie Active,"17 Rue Principale, 67500 Haguenau, France",67500,48.7881744,7.7292375
78551,78,HUDA,265,EQUALIS,17 RUE SAINT VINCENT ,78100,48.893712,2.074652
42218,42,HUDA,80,RENAITRE,"17, RUE FERDINAND",42000,45.441382,4.397063
60057,60,CADA,60,COALLIA,"172 Avenue Marcel Dassault, 60000 Beauvais, France",60000,49.445414,2.093838
71105,71,CADA,235,LE PONT,"174 Chemin de Laval, 71850 Charnay-lès-Mâcon, France",71850,46.319522,4.792892
30189,30,HUDA,155,CRF,178 ALLEE SALVADOR DAL,30000,43.829403,4.378633
2810,2,CADA,100,DIACONESSSES REUILLY,"18 Avenue Du Rossignol, 02600 Villers-Cotterêts, France",2600,49.256695,3.089083
54395,54,HUDA,466,ARS,18 BOULEVARD DE LA MOTHE ,54000,48.693456,6.195747
57463,57,HUDA,452,AMLI,18 R DROGON,57000,49.102434,6.168408
68155,68,CADA,211,ADOMA,"18 Rue De l'Entlen, 68040 Ingersheim, France",68040,48.089965,7.326006
68297,68,CPH,55,APPUIS,"18 Rue De Mulhouse, 68300 Saint-Louis, France",68300,47.586948,7.562679
49007,49,CADA,135,ABRI PROVIDENCE,"18 Rue De Nazareth, 49100 Angers, France",49100,47.488889,-0.57695
57463,57,CPH,26,AEIM,"18 Rue De Stoxey, 57070 Metz, France",57070,49.120516,6.195985
35115,35,CADA,133,COALLIA,"18 Rue Des Français Libres, 35300 Fougères, France",35300,48.345534,-1.177629
57463,57,CADA,120,ADOMA,"18 Rue Drogon, 57000 Metz, France",57000,49.102434,6.168408
42330,42,CPH,100,ENTRAIDE PIERRE VALDO,"18 Rue Louis Soulier, 42390 Villars, France",42390,45.472812,4.357798
78361,78,HUDA,110,ADOMA,18 Rue Maurice Braunstein,78200,48.99687315934,1.70882929642922
14100,14,HUDA,50,COALLIA,18 RUE QUILLY,14680,49.048236,-0.323343
34172,34,CADA,115,SOS SOLIDARITES,"18 Rue Terral, 34062 Montpellier, France",34062,43.609709,3.873235
80021,80,HUDA,299,COALLIA,181 RUE FAUBOURG DE HEM,80000,49.902738,2.27577
40192,40,CPH,45,COS,"187 Avenue du Maréchal Juin, 40000 Mont-de-Marsan, France",40000,43.899113,-0.486195
60175,60,CADA,130,COALLIA,"188 Rue Louis Blanc, 60100 Creil, France",60100,49.264125,2.460685
77350,77,CPH,60,EMPREINTES,"19 Avenue Gounod, 77330 Ozoir-la-Ferrière, France",77330,48.777927,2.682704
68298,68,HUDA,80,TOURNESOLS,19 AVENUE ROBERT ZELLER,68160,48.25014,7.191057
57332,57,HUDA,252,ADOMA,19 B RUE DE BELLEVUE,57470,49.130237,6.777097
69266,69,CADA,220,FORUM REFUGIES COSI,"19 Rue De La Baïsse, 69100 Villeurbanne, France",69100,45.762559,4.893387
69266,69,CAES,100,FORUM REFUGIES,"19 Rue de la Baïsse, 69100 Villeurbanne, France",69100,45.7623918,4.8934096
85092,85,CADA,171,AREAMS,"19 Rue De La Sablière, 85200 Fontenay-le-Comte, France",85200,46.468173,-0.796631
78501,78,CPH,64,COALLIA,"19 Rue Des Feuilleux, 78440 Porcheville, France",78440,48.976022,1.762474
78501,78,CADA,150,COALLIA,"19 Rue Des Feuilleux, 78440 Porcheville, France",78440,48.976022,1.762474
34172,34,HUDA,626,GAMMES,19 RUE SAINT-CLAUDE,34000,43.605397,3.872584
69266,69,HUDA,75,FORUM REFUGIES,"19, RUE DE LA BAISSE",69100,45.762559,4.893387
76351,76,HUDA,93,ARMEE DU SALUT,191 RUE DE LA VALLEE,76600,49.497948,0.160078
76351,76,CADA,80,ARMEE DU SALUT,"191 Rue de la Vallée, 76600 Le Havre, France",76600,49.497948,0.160078
68224,68,CAES,40,ACCES,"1A Rue Sainte-Claire, 68100 Mulhouse, France",68100,47.7445776,7.3323169
89439,89,CADA,136,COALLIA,"1bis Le Grand Pont, 89600 Vergigny, France",89600,47.985323,3.7313
35238,35,CAES,92,COALLIA,"2 Allée d'Estrémadure, 35200 Rennes, France",35200,48.083196,-1.6627716
35238,35,CADA,133,COALLIA,"2 Allée De Maurepas, 35700 Rennes, France",35700,48.127007,-1.664611
78621,78,HUDA,100,CRF,2 ALLEE DE MORTEMETS,78190,48.7699591,2.0049311
29232,29,CADA,149,L'ESCALE,"2 Allée Des Seiz Breur, 29000 Quimper, France",29000,47.987808,-4.081771
49328,49,CADA,90,ASEA,"2 Avenue Balzac, 49400 Saumur, France",49400,47.252721,-0.080425
65440,65,CPH,55,PYRENNES TERRE D'ACCUEIL,"2 Avenue de l'Echez, 65000 Tarbes, France",65000,43.229662,0.054905
77055,77,CADA,85,PHILIA PSTI,"2 Chemin Le Bouleur, 77177 Brou-sur-Chantereine, France",77177,48.877647,2.623722
42245,42,CADA,160,ENTRAIDE PIERRE VALDO,"2 La Truchat, 42111 St.-Thurin, France",42111,45.8179905258379,3.86912065237903
15265,15,CADA,60,FORUM REFUGIES COSI,"2 Montassou, 15210 Ydes, France",15210,45.3460336198085,2.45300009953834
91228,91,CADA,150,COALLIA,"2 Place De l'Yerres, 91000 Évry, France",91000,48.614426,2.434217
45208,45,CAES,76,IMANIS,"2 Place du Château, 45200 Montargis, France",45200,47.9975718,2.7283894
36031,36,CADA,110,ADOMA,"2 Route De Châteauroux, 36500 Buzançais, France",36500,46.89084,1.426466
67462,67,CADA,110,ACCUEIL SANS FRONTIERES,"2 Route de Strasbourg, 67600 Sélestat, France",67600,48.260824,7.447305
47323,47,HUDA,100,SOLINCITE,2 RUE ALBERT CAMUS,47300,44.404754,0.696513
44109,44,CPH,124,CCAS NANTES,"2 Rue Arago, 44100 Nantes, France",44100,47.20619,-1.583441
29019,29,CADA,149,COALLIA,"2 Rue de Kermaria, 29200 Brest, France",29200,48.417325,-4.491505
93048,93,CPH,60,ACSC,"2 Rue de l'Aqueduc, 93100 Montreuil, France",93100,48.870284,2.447555
44195,44,CPH,53,LES EAUX VIVES,"2 Rue De Pont-Château, 44260 Savenay, France",44260,47.365356,-1.949147
44195,44,CADA,130,LES EAUX VIVES,"2 Rue De Pont-Château, 44260 Savenay, France",44260,47.365356,-1.949147
36088,36,HUDA,50,SOLIDARITE ACCUEIL,2 RUE DU BOUCHER GRIS,36100,46.94806,1.99321
59365,59,HUDA,92,ADOMA,2 RUE DU DOCTEUR SCHWEITZER,59330,50.256923,3.945616
79270,79,HUDA,38,AURORE,2 RUE DU ERNEST PEROCHON,79400,46.412563,-0.214496
93005,93,HUDA,180,SOS SOLIDARITES,2 RUE FRANçOIS ARAGO,93600,48.945259,2.483313
67482,67,HUDA,106,FOYER NOTRE DAME,2 RUE GRIBEAUVAL,67200,48.555982,7.766233
49007,49,HUDA,35,FTDA,2 RUE GUILLAUME LEKEU,49000,47.471377,-0.524605
49007,49,CPH,97,FTDA,"2 Rue Guillaume Lekeu, 49100 Angers, France",49100,47.471377,-0.524605
49007,49,CADA,259,FTDA,"2 Rue Guillaume Lekeu, 49100 Angers, France",49100,47.471377,-0.524605
1031,1,HUDA,126,ALFA3A,2 RUE GUSTAVE EIFFEL,1100,46.253175,5.635928
69029,69,CADA,150,FORUM REFUGIES COSI,"2 Rue Hélène Boucher, 69500 Bron, France",69500,45.745267,4.923062
62259,62,CAES,170,LA VIE ACTIVE,"2 Rue Jacques Brel, 62128 Croisilles, France",62128,50.212161,2.8785394
12208,12,CADA,105,HABITAT ET HUMANISME,"2 Rue Jean-jacques Rousseau, 12400 Saint-Affrique, France",12400,43.957845,2.886297
55043,55,HUDA,93,AMIE,2 RUE PASTEUR,55430,49.168123,5.392639
10081,10,CADA,180,AATM,"2 Rue Roger Thieblemont, 10600 La Chapelle-Saint-Luc, France",10600,48.315331,4.044191
13056,13,HUDA,180,ADOMA,2 RUE SYLVIA DE LUCA,13500,43.395872,5.059137
22050,22,CPH,72,AMISEP,"2 Ruelle Saint Vincent, 22100 Dinan, France",22100,48.4570760100407,-2.04296540505642
78440,78,HUDA,135,COALLIA,"2, AVENUE PAUL RAOULT",78130,48.982096,1.912523
87085,87,CADA,90,ARSL,"20 Avenue De Locarno, 87000 Limoges, France",87000,45.837101,1.270967
62160,62,HUDA,24,ASSOCIATION BLANZY POURRE,20 RUE BLANZY POURRE,62200,50.718037,1.616476
57227,57,CADA,180,ADOMA,"20 Rue de Marienau, 57600 Forbach, France",57600,49.179933,6.88351
68224,68,CADA,86,ACCES,"20 Rue Sainte-Claire, 68100 Mulhouse, France",68100,47.745158,7.333213
82115,82,CADA,100,ADOMA,"2002 Route Des Lials, 82230 Monclar-de-Quercy, France",82230,43.999978,1.610383
85191,85,CPH,120,VISTA,"206 Rue Roger Salengro, 85000 La Roche-sur-Yon, France",85000,46.665471,-1.448292
13032,13,CADA,85,CRF,"2090 Route Des Milles, 13510 Éguilles, France",13510,43.547623,5.366587
31584,31,CADA,67,FRANCE HORIZON,"20bis Avenue Saint-exupéry, 31340 Villemur-sur-Tarn, France",31340,43.862286,1.50004
17300,17,HUDA,26,ESCALE,21 AVENUE DES CORDELIERS,17000,46.163872,-1.145281
17300,17,CADA,240,ESCALE,"21 Avenue Des Cordeliers, 17000 La Rochelle, France",17000,46.163697,-1.144978
6088,6,HUDA,82,ENTRAIDE PIERRE VALDO,"21 AVENUE THIERS, Nice",6000,43.703522,7.26067
61001,61,CPH,32,ALTHEA,"21 Chemin Des Chatelets, 61000 Alençon, France",61000,48.436858,0.074806
95018,95,CPH,81,SOS SOLIDARITES,"21 Route De Pontoise, 95100 Argenteuil, France",95100,48.941525,2.206615
43051,43,CADA,92,ENTRAIDE PIERRE VALDO,"21 Route de Tence, 43400 Le Chambon-sur-Lignon, France",43400,45.059775,4.301059
27681,27,HUDA,148,ADOMA,21 RUE DE LA GROSSE BORNE,27200,49.098507,1.469728
27681,27,CADA,94,ADOMA,"21 Rue De La Grosse Borne, 27200 Vernon, France",27200,49.098507,1.469728
44184,44,CADA,135,France horizon,"21 Rue de Pornichet, 44600 Saint-Nazaire, France",44600,47.271129,-2.213656
33162,33,CADA,170,ADOMA,"21 Rue Dubrana, 33320 Eysines, France",33320,44.862276,-0.637674
40192,40,CADA,153,LANDANA,"21 Rue Henri Duparc, 40000 Mont-de-Marsan, France",40000,43.894227,-0.505457
77243,77,HUDA,116,EQUALIS,21 RUE JACQUARD ,77400,48.874418,2.687432
67482,67,CADA,120,CRF,"21 Rue Lavoisier, 67200 Strasbourg, France",67200,48.603275,7.717806
76351,76,CADA,159,COALLIA,"21 Rue Maurice Genevoix, 76620 Le Havre, France",76620,49.515631,0.098732
67043,67,HUDA,285,HORIZON AMITIE,"21, RUE JEAN ZIMMERMANN",67800,48.615698,7.750152
14118,14,HUDA,34,ITINERAIRES,210 RUE D'AUGE,14000,49.174653,-0.341075
95680,95,HUDA,99,FRANCE HORIZON,22 AVENUE DU CHAMP BACON,95400,48.999848,2.407779
95680,95,CPH,60,FRANCE HORIZON,"22 Avenue Du Champ Bacon, 95400 Villiers-le-Bel, France",95400,48.999848,2.407779
51454,51,HUDA,150,CRF,22 AVENUE DU GENERAL EISENHOWER,51100,49.239179,4.007642
35238,35,CPH,140,COALLIA,"22 Rue Bahon-Rault, 35704 Rennes, France",35704,48.13179,-1.683277
35238,35,CADA,158,COALLIA,"22 Rue Bahon-Rault, 35704 Rennes, France",35704,48.13179,-1.683277
51108,51,HUDA,144,ADOMA,22 RUE DE FAGNIERES,51000,48.954471,4.345427
54099,54,HUDA,122,ALISES,22 rue de Lorraine,54150,49.2496499636057,5.94695662528143
68224,68,CADA,110,ADOMA,"22 Rue De Provence, 68100 Mulhouse, France",68100,47.758702,7.36402
44109,44,CADA,90,COALLIA,"22 Rue La Tour d'Auvergne, 44200 Nantes, France",44200,47.206458,-1.556121
68224,68,HUDA,50,APPUIS,22 RUE ZUBER,68100,47.746424,7.346744
68224,68,CADA,121,APPUIS,"22 Rue Zuber, 68100 Mulhouse, France",68100,47.746424,7.346744
77051,77,CPH,80,FRANCE FRATERNITES,"22k Cite Briolle, 77480 Bray-sur-Seine, France",77480,48.408783,3.235624
57463,57,CADA,120,AMLI,"23 Avenue De Blida, 57000 Metz, France",57000,49.130382,6.190463
57463,57,CAES,195,AMLI,"23 Avenue de Blida, 57014 Metz, France",57014,49.130058,6.1909027
65286,65,CADA,120,FTDA,"23 Boulevard Du Lapacca, 65100 Lourdes, France",65100,43.097481,-0.038717
82112,82,HUDA,21,CONFLUENCES,23 CHEMIN DES VIGNOBLES  82200 MOISSAC,82200,44.101598,1.072706
19164,19,CADA,80,FORUM REFUGIES COSI,"23 Route des Pauses, 19290 Peyrelevade, France",19290,45.699266,2.056616
2722,2,CADA,165,COALLIA,"23 Rue d'Orcamps, 02200 Soissons, France",2200,49.365147,3.342434
2722,2,HUDA,16,COALLIA,23 RUE DE L'ORCAMPS,2200,49.365147,3.342434
22050,22,HUDA,60,NOZ DIEZ,23 RUE DE LA CROIX ,22100,48.455387,-2.048088
22050,22,CADA,50,NOZ DIEZ,"23 Rue de la Croix, 22100 Dinan, France",22100,48.455387,-2.048088
17155,17,CADA,38,DIACONESSSES REUILLY,"23 Rue De La Granderie, 17750 Étaules, France",17750,45.730254,-1.100526
89206,89,CADA,136,COALLIA,"23 Rue Des Soeurs Lecoq, 89300 Joigny, France",89300,47.976616,3.384853
19272,19,HUDA,87,LE ROC,23 RUE PIECE VERDIER,19000,45.272111,1.768401
69123,69,CADA,50,FORUM REFUGIES COSI,"23 Rue Saint-Jérôme, 69007 Lyon, France",69007,45.748475,4.842651
75120,75,HUDA,118,SOS SOLIDARITES,"233 RUE DE PYRENEES
75020 PARIS",75020,48.865654,2.412082
75120,75,CADA,120,SOS SOLIDARITES,"233 Rue des Pyrénées, 75020 Paris, France",75020,48.863839,2.399139
47032,47,CADA,281,SAUVEGARDE,"236 Redon, 47240 Bon-Encontre, France",47240,44.191745,0.655016
75112,75,CADA,250,APTM,"239 Rue De Bercy, 75012 Paris, France",75012,48.847101,2.368896
13055,13,HUDA,125,SARA LOGISOL,24 RUE ALBERT MARQUET ,13001,44.824343,-0.608987
82121,82,CPH,33,AMAR,"24 Rue Caussat, 82000 Montauban, France",82000,44.017621,1.346326
82121,82,CADA,159,AMAR,"24 Rue Caussat, 82000 Montauban, France",82000,44.017621,1.346326
14341,14,CADA,129,ALTHEA,"24 Rue De La Dronnière, 14123 Ifs, France",14123,49.138553,-0.335767
28134,28,HUDA,126,ADOMA,24 RUE DE LA GRANDE FALAISE,28100,48.741117,1.370118
67482,67,CADA,205,ADOMA,"24 Rue De Mâcon, 67100 Strasbourg, France",67100,48.545987,7.760853
21231,21,CADA,85,COALLIA,"24 Rue des Ateliers, 21000 Dijon, France",21000,47.300607,5.024121
54261,54,CADA,110,ADOMA,"24 Rue Du Côteau, 54440 Herserange, France",54440,49.519081,5.798626
78646,78,CPH,64,ACSC,"24 Rue Du Maréchal Joffre, 78000 Versailles, France",78000,48.794901,2.121206
75118,75,HUDA,350,FTDA,24 RUE MARC SEGUIN,75018,48.892128,2.362175
75118,75,CADA,200,FTDA,"24 Rue Marc Séguin, 75018 Paris, France",75018,48.892128,2.362175
83072,83,CADA,109,FORUM REFUGIES COSI,"240 Rue Des Tufs, 83510 Lorgues, France",83510,43.497077,6.360934
92012,92,HUDA,124,AURORE,243 BOULEVARD JEAN JAURES ,92100,48.8356649,2.240206
83061,83,CADA,60,EN CHEMIN,"243 Rue Du Felibrige, 83600 Fréjus, France",83600,43.432568,6.758896
40281,40,HUDA,20,SIAO,"243, AVENUE CORPS FRANC POMMIES",40280,43.886089,-0.519449
2290,2,CADA,21,COALLIA,"25 Avenue Du Général De Gaulle, 02400 Essômes-sur-Marne, France",2400,49.032968,3.377595
42311,42,HUDA,436,ENTRAIDE PIERRE VALDO,"25 RUE BERTHELOT, La Tour-en-Jarez",42580,45.476613,4.393553
33550,33,HUDA,50,COS,"25, AVENUE DE-LATTRE-DE-TASSIGNY",33140,44.773317,-0.546257
13103,13,HUDA,232,ENTRAIDE PIERRE VALDO,"252 RUE DU VALLON DE JEANSINE, 13300 Salon-de-Provence",13300,43.623769,5.12231
83061,83,HUDA,100,AMIS DE PAOLA,256 ROUTE DU PLAN DE LA TOUR,83600,43.452859,6.772555
34301,34,CADA,116,SOS SOLIDARITES,"26 Avenue Victor Hugo, 34200 Sète, France",34200,43.408939,3.69812
12176,12,HUDA,19,AJT,26 BOULEVARD DES CAPUCINES,12850,44.36717,2.593628
12176,12,CPH,20,AJT,"26 Boulevard Des Capucines, 12850 Onet-le-Château, France",12850,44.36717,2.593628
12176,12,CADA,114,FJT RODEZ,"26 Boulevard Des Capucines, 12850 Onet-le-Château, France",12850,44.36717,2.593628
66136,66,CADA,140,ADOMA,"26 Chemin De La Poudrière, 66000 Perpignan, France",66000,42.71463,2.895748
33550,33,CPH,60,COS,"27 Avenue Maréchal De Lattre De Tassigny, 33140 Villenave-d'Ornon, France",33140,44.773251,-0.54604
24322,24,CADA,155,FTDA,"27 Rue Font Claude, 24000 Périgueux, France",24000,45.180218,0.70847
95127,95,CADA,85,SOS SOLIDARITES,"27 Rue Francis Combe, 95000 Cergy, France",95000,49.044322,2.072946
8105,8,CADA,92,L'ANCRE,"27 Rue Jules Verne, 08000 Charleville-Mézières, France",8000,49.777524,4.713402
38421,38,CPH,71,FRANCE HORIZON,"271 Rue De La Houille Blanche, 38400 Saint-Martin-d'Hères, France",38400,45.192394,5.757152
60612,60,HUDA,145,ADOMA,278 AVENUE LOUIS ARAGON,60300,49.20399,2.572149
60360,60,CADA,90,ADOMA,"278 Avenue Louis Aragon, 60140 Liancourt, France",60140,49.330178,2.458267
41018,41,CADA,123,FTDA,"28 Avenue Du Maréchal Maunoury, 41000 Blois, France",41000,47.591578,1.336359
44109,44,CADA,140,ADOMA,"28 Avenue José Maria de Hérédia, 44300 Nantes, France",44300,47.2471,-1.575461
31555,31,CAES,65,UCRM,"28 Rue de l'Aiguette, 31100 Toulouse, France",31100,43.5863411,1.3952866
31555,31,CADA,210,UCRM,"28 Rue de Leucate, 31500 Toulouse, France",31500,43.599501,1.481038
13063,13,CPH,40,HABITAT PLURIEL,"28 Rue Des Calanques, 13140 Miramas, France",13140,43.57473,5.002654
13063,13,CADA,210,HABITAT PLURIEL,"28 Rue Des Calanques, 13140 Miramas, France",13140,43.57473,5.002654
54430,54,CADA,90,ADOMA,"28 Rue Du Val De La Tuilerie, 54340 Pompey, France",54340,48.77805,6.125111
54430,54,CAES,54,ADOMA,"28 Rue du Val de la Tuilerie, 54340 Pompey, France",54340,48.778139,6.1260957
92024,92,CPH,55,FTDA,"28 Rue Palloy, 92110 Clichy, France",92110,48.90282,2.308856
31555,31,HUDA,244,UCRM,"28, RUE DE L'AIGUETTE,",31000,43.601296,1.454556
74224,74,CADA,125,ALFA3A,"280 Rue De Sous Dine, 74800 La Roche-sur-Foron, France",74800,46.06294,6.30241
1053,1,CADA,80,ADOMA,"29 Avenue de Marboz, 01000 Bourg-en-Bresse, France",1000,46.219989,5.228
7204,7,CADA,45,ENTRAIDE PIERRE VALDO,"29 Avenue Des Cevennes, 07320 St.-Agrève, France",7320,45.010372,4.394419
72264,72,HUDA,65,CRF,29 RUE LAVANDERIES,72300,47.840003,-0.327946
67180,67,HUDA,170,ADOMA,29 RUE SAINT CHARLES,67500,48.822228,7.777005
67447,67,CADA,90,RESIDENCE ST CHARLES,"29 Rue Saint-Charles, 67300 Schiltigheim, France",67300,48.605209,7.740062
59279,59,HUDA,125,ADOMA,294 RUE DE LILLE,49250,50.774137,3.122898
44215,44,HUDA,478,ST BENOIT LABRE,3 ALLEE DU CAP HORN,44120,47.18371,-1.454022
44215,44,CADA,115,SAINT BENOIT DE LABRE,"3 Allée du Cap Horn, 44120 Vertou, France",44120,47.18371,-1.454022
74010,74,HUDA,522,FOL 74,3 AVENUE DE LA PLAINE,74000,45.906948,6.131078
78423,78,HUDA,50,PHILIA,"3 AVENUE DU MANET
",78180,48.769906,2.024204
91479,91,CPH,226,SOS SOLIDARITES,"3 Avenue Du Marèchal Devaux, 91550 Paray-Vieille-Poste, France",91550,48.744831,2.369233
21501,21,HUDA,80,ADOMA,3 C RUE DU 19 MARS 1962,21320,47.253782,4.558883
46102,46,CADA,120,CEIIS,"3 Crêtes De La Rosière, 46100 Figeac, France",46100,44.621514,2.021637
91602,91,CPH,100,Acsc,"3 Hameau De La Briche, 91580 Souzy-la-Briche, France",91580,48.535822,2.173796
12089,12,HUDA,20,HABITAT ET HUMANISME,3 IMPASSE D'IENA,12300,44.562038,2.247564
12089,12,CPH,40,HABITAT ET HUMANISME,"3 Impasse Iena, 12300 Decazeville, France",12300,44.562038,2.247564
32013,32,CADA,210,FTDA,"3 Quai Des Marronniers, 32000 Auch, France",32000,43.645092,0.589414
59365,59,CADA,218,ADOMA,"3 Residence Docteur Schweitzer, 59720 Louvroil, France",59720,50.256835,3.945151
60057,60,HUDA,155,ADOMA,3 RUE D'ANJOU,60000,49.437078,2.103688
88413,88,CADA,81,COALLIA,"3 Rue Dauphine, 88100 Saint-Dié-des-Vosges, France",88100,48.287065,6.950114
37003,37,CADA,90,CRF,"3 Rue de Blois, 37400 Amboise, France",37400,47.417562,0.980782
67482,67,CADA,500,FOYER NOTRE DAME,"3 Rue des Échasses, 67000 Strasbourg, France",67000,48.583601,7.750912
56136,56,CPH,19,COALLIA,"3 Rue Des Menhirs, 56380 Monteneuf, France",56380,47.874521,-2.205364
19031,19,HUDA,38,VILTAIS,"3 RUE HENRI AUPERT
19100 BRIVE-LA-GAILLARDE",19100,45.166051,1.516107
19031,19,CADA,17,VILTAIS,"3 Rue Henri Aupert, 19100 Brive-la-Gaillarde, France",19100,45.166051,1.516107
56121,56,CADA,152,SAUVEGARDE DU MORBIHAN,"3 Rue Jean Lagarde, 56100 Lorient, France",56100,47.743256,-3.359789
29151,29,CPH,24,COALLIA,"3 Rue Joseph Faucheur, 29600 Morlaix, France",29600,48.593663,-3.816115
13055,13,CADA,90,AAJT,"3 Rue Palestro, 13003 Marseille, France",13003,43.305103,5.381212
62041,62,HUDA,12,TREMPLIN POUR LES JEUNES,3 RUE PAUL PERRIN,62000,50.291183,2.78105
14118,14,CADA,87,ITINERAIRES,"3 Rue Recteur Daure, 14000 Caen, France",14000,49.200404,-0.350334
44143,44,HUDA,90,TRAJET,3 RUE ROBERT SCHUMAN ,44400,47.165025,-1.545524
44143,44,CADA,90,TRAJET,"3 Rue Robert Schuman, 44400 Rezé, France",44400,47.165025,-1.545524
68224,68,HUDA,80,ACCES,"3, AVENUE TASSIGNY ",68100,47.746239,7.342036
50129,50,HUDA,152,COALLIA,30 AVENUE DU MARECHAL DE TASSIGNY,50100,49.635707,-1.604228
64284,64,CPH,50,OGFA,"30 Avenue Henri Iv, 64110 Jurançon, France",64110,43.2849717279976,-0.385255212582322
57463,57,HUDA,300,ADOMA,30 RUE DU GENERAL DELESTRAINT,57000,49.120491,6.169305
28088,28,CPH,46,AIDAPHI,"30 Rue Forache, 28200 Châteaudun, France",28200,48.068741,1.333405
30189,30,HUDA,25,ESPELIDO,30 RUE HENRI-IV,30000,43.83008,4.355046
30189,30,CPH,31,ESPELIDO,"30 Rue Henri-IV, 30000 Nîmes, France",30000,43.83008,4.355046
29232,29,CADA,122,ADOMA,"30 Rue Jacques Anquetil, 29000 Quimper, France",29000,48.012387,-4.074478
35210,35,CADA,162,COALLIA,"31 Avenue Étienne et Mathilde Pinault, 35740 Pacé, France",35740,48.148014,-1.78077
6088,6,CADA,80,ENTRAIDE PIERRE VALDO,"31 Avenue Malausséna, 06000 Nice, France",6000,43.708779441365,7.26259664848557
21231,21,CADA,130,CRF,"31 Rue Auguste Blanqui, 21000 Dijon, France",21000,47.344033,5.056084
86194,86,CADA,95,COALLIA,"32 Avenue Du Plateau Des Glières, 86000 Poitiers, France",86000,46.599569,0.325732
92024,92,CAES,150,ALTERALIA,"32 Quai de Clichy - Charles de Gaulle, 92110 Clichy, France",92110,48.9058852,2.2947573
45284,45,HUDA,216,EQUALIS,32 RUE DES FRERES LUMIERE,45800,47.921207,1.947674
33063,33,HUDA,121,DIACONAT PROTESTANT,32 RUE DU COMMANDANT ARNOULD,33000,44.835913,-0.577358
13055,13,CADA,100,LOGISOL,"32 Rue Gabriel Sénac de Meilhan, 13001 Marseille, France",13001,43.297152,5.383805
81004,81,CADA,140,CASAR,"32,34 Avenue du Colonel Teyssier, 81000 Albi, France",81000,43.924501,2.152551
81004,81,CPH,30,CASAR,"32,34 Avenue du Colonel Teyssier, 81000 Albi, France",81000,43.924501,2.152551
34172,34,CADA,145,Gammes,"327 Rue Du Moulin De Sémalen, 34000 Montpellier, France",34000,43.612595,3.893452
85191,85,HUDA,120,AREAMS,33 AVENUE DE LATTRE DE TASSIGNY,85000,46.665017,-1.432424
67180,67,CADA,121,ACCUEIL SANS FRONTIERES,"33 Boulevard Truttmann, 67500 Haguenau, France",67500,48.817664,7.783595
56121,56,CPH,65,SAUVEGARDE 56,"33 Cours Louis de Chazelles, 56100 Lorient, France",56100,47.752385,-3.361831
76540,76,HUDA,180,COALLIA,33 RUE CESAR FRANCK,76000,49.449796,1.14075
76351,76,CAES,40,COALLIA,"33 Rue César Franck, 76620 Le Havre, France",76620,49.5204283,0.1045352
42218,42,CADA,346,ENTRAIDE PIERRE VALDO,"33 Rue Gutenberg, 42100 Saint-Étienne, France",42100,45.415283,4.399187
33243,33,CPH,60,SOS SOLIDARITES,"33 Rue Jean-jacques Rousseau, 33500 Libourne, France",33500,44.916369,-0.246053
56121,56,HUDA,279,SAUVEGARDE,"33, COURS DE CHAZELLES",56100,47.752385,-3.361831
77487,77,CAES,150,EMPREINTES,"335 Rue de la Justice, 77000 Vaux-le-Pénil, France",77000,48.5316152,2.6803878
42184,42,HUDA,140,VERS L AVENIR,337 CHEMIN MARTIN,42153,46.036654,4.047029
42184,42,CADA,75,vers l'avenir,"337 Chemin Martin, 42153 Riorges, France",42153,46.03676,4.04698
13055,13,HUDA,20,JANE PANIER,"339 BOULEVARD NATIONAL

",13003,43.313238,5.374871
72154,72,HUDA,60,CRF,34 RUE DES BLEUETS,72200,47.703196,-0.059585
50502,50,CPH,65,FTDA,"34 Rue Des Fossés, 50000 St.-Lô, France",50000,49.1136989967573,-1.09792819692553
63113,63,HUDA,213,FORUM REFUGIES,34 RUE NIEL,63000,45.78251,3.103033
95051,95,CADA,145,ADOMA,"35 Avenue De l'Égalité, 95250 Beauchamp, France",95250,49.018013,2.184196
37261,37,CPH,84,COALLIA,"35 Rue De La Bergeonnerie, 37200 Tours, France",37200,47.359516,0.692216
37261,37,CADA,130,COALLIA,"35 Rue De La Bergeonnerie, 37200 Tours, France",37200,47.359516,0.692216
59606,59,HUDA,160,ADOMA,35 RUE DES ANGES,59300,50.357841,3.520015
57597,57,CADA,99,CEIIS,"35 Rue du Bouswald, 57780 Rosselange, France",57780,49.257764,6.059685
79081,79,HUDA,20,L' ESCALE,35 RUE DU COTEAU SAINT HUBERT,79180,46.341951,-0.479753
79191,79,CADA,126,L' escale,"35 Rue Du Coteau Saint-hubert, 79000 Niort, France",79000,46.341951,-0.479753
90010,90,CADA,254,ADOMA,"35 Rue René Payot, 90000 Belfort, France",90000,47.637941,6.874202
30276,30,CADA,90,CRF,"353 Boulevard Gambetta, 30220 Saint-Laurent-d'Aigouze, France",30220,43.632863,4.195952
73065,73,HUDA,68,ADOMA,357 AVENUE DE LYON,73000,45.563654,5.914521
73065,73,CADA,100,ADOMA,"357 Avenue de Lyon, 73000 Chambéry, France",73000,45.563654,5.914521
50218,50,HUDA,6,CCAS,359 RUE SAINT NICOLAS,50400,48.832727,-1.567805
1004,1,CADA,140,ALFA3A,"36 Allée De La Barbotière, 01500 Ambérieu-en-Bugey, France",1500,45.961222,5.336521
21278,21,HUDA,117,COALLIA,36 RUE DE BOURGOGNE,21121,47.336854,5.02096
50025,50,CADA,110,FTDA,"36 Rue De Lille, 50300 Avranches, France",50300,48.688345,-1.363744
59178,59,CADA,104,AEP,"361 Rue des Trannois, 59500 Douai, France",59500,50.390313,3.088893
57207,57,HUDA,5,ADOMA,37 AVENUE VICTOR HUGO,57450,49.122031,6.876483
31555,31,HUDA,160,ADOMA,37 CHEMIN DES PRADETTES ,31000,43.613461,1.441148
31555,31,CADA,178,ADOMA,"37 Chemin des Pradettes, 31100 Toulouse, France",31100,43.579462,1.383828
75120,75,CPH,195,ARMEE DU SALUT,"37 Rue des Frères Flavien, 75020 Paris, France",75020,48.876655,2.41195
68066,68,HUDA,47,ESPOIR,38 RUE DE TURCKHEIM,68000,48.078393,7.343145
79202,79,CPH,50,UN TOIT EN GATINE,"38 Rue Louis Ganne, 79200 Parthenay, France",79200,46.646733,-0.252209
35238,35,CADA,153,COALLIA,"38 Rue Louis Kérautret Botmel, 35571 Rennes, France",35571,48.091746,-1.633416
43268,43,CPH,60,ENTRAIDE PIERRE VALDO,"380 Rue Du Pecher, 43200 Yssingeaux, France",43200,45.140438,4.116726
81171,81,CADA,90,RELAIS DE MONTANS,"385 Avenue Puech Du Taur, 81600 Montans, France",81600,43.85142,1.817583
66085,66,CADA,192,LA ROTJA,"39 Ancien Chemin De Villefranche, 66820 Fuilla, France",66820,42.565711,2.360588
93053,93,HUDA,100,COALLIA,39 BOULEVARD DE LA REPUBLIQUE,92310,48.894327,2.463758
28088,28,CADA,50,COATEL,"39 Boulevard de Peringondas, 28200 Châteaudun, France",28200,48.080338,1.342219
44184,44,HUDA,80,SOLIDARITE ESTUAIRE,39 RUE FRANCOIS VOLTAIRE,44600,47.268221,-2.239694
39500,39,CADA,203,SAINT MICHEL LE HAUT,"39110 Salins-les-Bains, France",39110,46.944455,5.880527
31555,31,CADA,15,FORUM REFUGIES COSI,"394 Route de Saint-Simon, 31100 Toulouse, France",31100,43.5904,1.417011
7019,7,CPH,60,ENTRAIDE PIERRE VALDO,"4 Avenue Maréchal de Lattre de Tassigny, 07200 Aubenas, France",7200,44.610438,4.389537
63308,63,CADA,70,CECLER,"4 Avenue Pasteur, 63130 Royat, France",63130,45.764351,3.047777
21531,21,CADA,74,COALLIA,"4 Espace Marcel Boillin, 21530 Rouvray, France",21530,47.426122,4.105793
1283,1,HUDA,43,ALFA3A,4 PLACE VAILLANT COUTURIER,1100,46.259164,5.653747
68224,68,HUDA,87,ACCES,4 QUAI D'ISLY,68100,47.742011,7.33967
41018,41,HUDA,150,ASLD,4 RUE ALAIN GERBAULT,41000,47.59207,1.309402
45234,45,CPH,52,COALLIA,"4 Rue Antoine Becquerel, 45000 Orléans, France",45000,47.924141,1.896157
1053,1,HUDA,42,ALFA3A,4 RUE AUGUSTE RENOIR,1000,46.196776,5.253309
25056,25,HUDA,204,ADDSEA,4 RUE BERTRAND RUSSEL,25000,47.21638,5.97533
25388,25,HUDA,14,ARIAL,4 RUE BERTRAND RUSSEL,25200,47.21638,5.97533
25056,25,CADA,90,ADDSEA,"4 Rue Bertrand Russell, 25000 Besançon, France",25000,47.2164,5.97533
17414,17,CPH,65,DIACONESSSES REUILLY,"4 Rue Cavellier De La Salle, 17138 Saint-Xandre, France",17138,46.212462,-1.137798
68066,68,HUDA,55,ADOMA,4 RUE D' AMSTERDAM,68000,48.078712,7.327273
68066,68,HUDA,65,TOURNESOLS,"4 RUE D' AMSTERDAM
",68000,48.078712,7.327273
68066,68,HUDA,30,ADOMA,4 RUE D'AMSTERDAM,68000,48.078712,7.327273
68066,68,CADA,88,APPUS,"4 Rue d'Amsterdam, 68000 Colmar, France",68000,48.078712,7.327273
6088,6,CAES,80,ADOMA,"4 Rue d'Angleterre, 06000 Nice, France",6000,43.7014096,7.2649314
17377,17,CAES,50,VILTAÏS,"4 Rue De Chez Guignard, 17490 Saint-Ouen-la-Thène, France",17490,45.8714526,-0.1646067
76540,76,CADA,207,FTDA,"4 Rue de Fontenelle, 76000 Rouen, France",76000,49.440843,1.084126
67482,67,CAES,30,AMISEP,"4 Rue De La Libération, 67200 Strasbourg, France",67200,48.5944098,7.7203548
57463,57,CPH,58,ADOMA,"4 Rue Des Malgré-nous, 57000 Metz, France",57000,49.092091,6.179619
41136,41,HUDA,18,EMMAUS,4 RUE DU FOYER LATASTE,41500,47.709212,1.538622
84007,84,CPH,80,ENTRAIDE PIERRE VALDO,"4 Rue du Jas, 84000 Avignon, France",84000,43.939995,4.815069
90033,90,HUDA,100,ADOMA,4 RUE DU PAQUIS,90100,47.510328,7.006199
78621,78,HUDA,181,FTDA,4 RUE EUGENE HENAFF,78190,48.769959,2.004931
35236,35,CADA,23,COALLIA,"4 Rue Fernand Hure, 35600 Redon, France",35600,47.656781,-2.074178
94033,94,HUDA,75,AURORE,4 RUE GEORGES MANDEL,94120,48.847479,2.470134
21258,21,CADA,97,COALLIA,"4 Rue Mousselot, 21400 Étrochey, France",21400,47.892073,4.532295
70253,70,CADA,45,AHS FC,"4 Rue Saint-Joseph, 70700 Frasne-le-Château, France",70700,47.461198,5.898485
76484,76,CADA,172,COALLIA,"4 Rue Stephane Hessel, 76350 Oissel, France",76350,49.342331,1.106251
61214,61,CADA,36,YSOS,"4 Rue Victor Hugo, 61300 L'Aigle, France",61300,48.759688,0.632035
62498,62,HUDA,50,APSA,"4, RUE DE L'EGLISE",62300,50.426209,2.815278
4070,4,HUDA,144,ADOMA,40 ALLEE DES FONTAINIERS,4000,44.093231,6.234277
17300,17,CADA,125,ALTHEA CABESTAN,"40 Avenue De La Resistance, 17000 La Rochelle, France",17000,46.171985,-1.179569
81004,81,CADA,50,HABITAT ET HUMANISME,"40 Place Jean Jaurès, 81000 Albi, France",81000,43.9244585969992,2.14878534290072
69083,69,CADA,70,FORUM REFUGIES COSI,"40 Route De La Tourette, 69210 Éveux, France",69210,45.825626,4.625298
73181,73,CPH,70,FOL 73,"40 Rue De La Chaudanne, 73600 Moûtiers, France",73600,45.4865,6.5332
88196,88,CADA,195,FEDERATION MEDICO SOCIALE DES VOSGES,"41 Chemin De La Scierie, 88400 Gérardmer, France",88400,48.076129,6.79079
45234,45,HUDA,50,COALLIA,41 RUE ANTOINE BECQUEREL,45000,47.924015,1.896169
53130,53,CADA,50,FRANCE HORIZON,"41 Rue Crossardière, 53000 Laval, France",53000,48.07365,-0.764067
53130,53,HUDA,75,FRANCE HORIZON,41 RUE DE LA CROSSARDIERE,53000,48.07365,-0.764067
49007,49,HUDA,116,ABRI PROVIDENCE,41 RUE LIONNAISE,49000,47.442485,-0.565772
49007,49,CPH,52,ABRI PROVIDENCE,"41 Rue Lionnaise, 49100 Angers, France",49100,47.477315,-0.563844
17300,17,HUDA,42,ALTHEA CABESTAN,411 AVENUE JEAN GUITON,17000,46.159183,-1.201567
94076,94,HUDA,182,CRF,42 Av. de Paris,94800,48.8039918698273,2.36427300301839
51454,51,HUDA,81,ARMEE DU SALUT,"42 RUE DE TAISSY
",51100,49.234585,4.0455
51454,51,CPH,39,ARMEE DU SALUT,"42 Rue De Taissy, 51100 Reims, France",51100,49.234585,4.0455
86066,86,CAES,93,AUDACIA,"42 Rue Hilaire Gilbert, 86100 Châtellerault, France",86100,46.8161769,0.5474171
57463,57,HUDA,96,AEA,44 AVENUE DES DEUX FONTAINES,57000,49.114607,6.178361
22093,22,HUDA,30,PENTHIEVRE ACTIONS,44 RUE DE DINARD ,22400,48.47804,-2.501037
92020,92,CADA,162,FTDA,"44 Rue Louveau, 92320 Fort de Châtillon, France",92320,48.803165,2.2954
54395,54,HUDA,85,ARS,44 RUE MOLITOR,54000,48.685535,6.19498
87085,87,CADA,99,ESTIA,"44 Rue Rhin Et Danube, 87280 Limoges, France",87280,45.884648,1.293599
62108,62,HUDA,37,FIAC,448 RUE DE L'IMPERATRICE 62600 BERCK,62603,50.408387,1.59345
75110,75,HUDA,225,CASP,45 BD MAGENTA,75010,48.872778,2.358949
2290,2,HUDA,21,COALLIA,45 RUE ROOSEVELT,2400,49.025185,3.377041
97611,976,HUDA,400,SOLIDARITE MAYOTTE ,46 AE RUE BABOUSALAMA CAVANI MASSIMONI,97600,44,-3
37261,37,HUDA,64,EAO,46 AVENUE GUSTAVE EIFFEL,37000,47.43432,0.697975
61006,61,CADA,80,COALLIA,"46 Rue Du Paty, 61200 Argentan, France",61200,48.7408822011943,-0.0116117429279393
94028,94,HUDA,182,CRF,46 RUE EUGENE DUPUI,94000,48.763471,2.475296
76217,76,CADA,80,SOLIDARITE REFUGIES,"46 Rue Thiers, 76200 Dieppe, France",76200,49.91893,1.077005
71230,71,CADA,50,OSIRIS,"47 Rue de la Convention, 71130 Gueugnon, France",71130,46.598402,4.067991
85092,85,HUDA,45,AREAMS,47 RUE DE LA GITE,85205,46.473435,-0.8163
34172,34,HUDA,60,ADAGES,"47, RUE DU FAUBOURG ST JAUMES",34000,43.616065,3.868691
27229,27,HUDA,105,ADOMA,48 AVENUE  DU  MARECHAL  FOCH,27000,49.023816,1.131076
13055,13,HUDA,20,ACPM,48 AVENUE MARCEL DELPRAT,13002,43.333296,5.456276
69256,69,CPH,69,FORUM REFUGIES,"48 Rue Lamartine, 69120 Vaulx-en-Velin, France",69120,45.791562,4.92706
69256,69,CADA,150,FORUM REFUGIES COSI,"48 Rue Lamartine, 69120 Vaulx-en-Velin, France",69120,45.791562,4.92706
27275,27,CADA,110,ADOMA,"4bis Rue De Verdun, 27600 Gaillon, France",27600,49.160963,1.33696
78423,78,CADA,110,PHILIA,"5 Avenue Du Manet, 78180 Montigny-le-Bretonneux, France",78180,48.76969,2.024199
59153,59,HUDA,70,PRIMTOIT,5 BOULEVARD DES ARMEES,59163,50.4483415,3.5928883
58095,58,CADA,85,FOL58,"5 Boulevard Voltaire, 58300 Decize, France",58300,46.830584,3.46083
33550,33,CADA,151,SOS SOLIDARITES,"5 Place Du 14 Juillet, 33140 Villenave-d'Ornon, France",33140,44.764317,-0.574246
45252,45,CADA,70,COALLIA,"5 Place Du General De Gaulle, 45300 Pithiviers, France",45300,48.169485,2.25514
78575,78,HUDA,21,NOUVELLE ETOILE,5 ROUTE DE LIMOURS,78470,48.701426,2.06949
78575,78,CPH,50,NOUVELLE ETOILE,"5 Route de Limours, 78470 Saint-Rémy-lès-Chevreuse, France",78470,48.701426,2.06949
37072,37,HUDA,80,ADOMA,5 RUE AUGUSTE CORRECH,37500,47.165159,0.249841
18279,18,HUDA,82,ADOMA,5 RUE BOBBY SANDS ET DES MARTYRS IRLANDAIS,18100,47.2228659224151,2.06360706748063
18279,18,CADA,187,ADOMA,"5 Rue Bobby Sands, 18100 Vierzon, France",18100,47.222783,2.063656
5061,5,HUDA,40,FTDA,5 RUE CAPITAINE DE BRESSON,5000,44.559337,6.08283
5061,5,CPH,50,FTDA,"5 Rue Capitaine De Bresson, 05000 Gap, France",5000,44.559337,6.08283
54304,54,CADA,65,France Horizon,"5 Rue De La Moselotte, 54520 Laxou, France",54520,48.69736,6.125084
64445,64,HUDA,35,COS,5 RUE DES 3 FRERES BERNADAC,64000,43.301244,-0.373895
64445,64,CADA,285,OGFA,"5 Rue des Trois Frères Bernadac, 64000 Pau, France",64000,43.301244,-0.373895
60175,60,CADA,110,FTDA,"5 Rue des Usines, 60100 Creil, France",60100,49.261583,2.463174
51649,51,CADA,55,ASF,"5 Rue du 8 Mai 1945, 51300 Vitry-le-François, France",51300,48.716524,4.592751
35238,35,CPH,50,ST BENOIT LABRE,"5 Rue Du Bois Rondel, 35700 Rennes, France",35700,48.120294,-1.66925
35238,35,CADA,100,ST BENOIT LABRE,"5 Rue Du Bois Rondel, 35700 Rennes, France",35700,48.120294,-1.66925
63061,63,CADA,100,EMMAUS,"5 Rue Du Bourg, 63260 Bussières-et-Pruns, France",63260,46.007692,3.228735
25462,25,CADA,80,ADDSEA,"5 Rue Du Lycée, 25300 Pontarlier, France",25300,46.916247,6.34698
50502,50,CADA,184,FTDA,"5 Rue Houssin Dumanoir, 50000 St.-Lô, France",50000,49.113577,-1.098745
67482,67,HUDA,100,FOYER NOTRE DAME,5 RUE JACOB MAYER,67000,48.590706,7.718274
60057,60,HUDA,100,ADARS,5 RUE MAIDSTONE,60000,49.440637,2.099043
7324,7,CADA,100,DIACONAT PROTESTANT,"5 Rue Olivier de Serres, 07300 Tournon-sur-Rhône, France",7300,45.058729,4.838788
94078,94,HUDA,150,COALLIA,5 rue René Cassin,94190,48.760361,2.365563
79191,79,CADA,184,FTDA,"5 Rue Tartifume, 79000 Niort, France",79000,46.325884,-0.456479
52269,52,CADA,164,AATM,"5 Ruelle De La Poterne, 52200 Langres, France",52200,47.857656,5.329935
31555,31,HUDA,16,FRANCE HORIZON,50 ROUTE D'ESPAGNE,31000,43.599524,1.441466
62040,62,HUDA,56,COALLIA,50 RUE JEAN-BAPTISTE COLBERT,62510,50.718458,2.318359
78267,78,CADA,292,ADOMA,"51 Avenue Jean Jaures, 78440 Gargenville, France",78440,48.974451,1.801822
11069,11,HUDA,123,FAOL 11,51 AVENUE JULES VERNE,11000,43.209826,2.330377
11069,11,CADA,70,FAOL11,"51 Avenue Jules Verne, 11000 Carcassonne, France",11000,43.209826,2.330377
75116,75,CPH,100,Aurore,"51 Boulevard Exelmans, 75016 Paris, France",75016,48.842061,2.261799
27229,27,HUDA,136,YSOS,51 RUE JOSEPHINE,27000,49.024296,1.144383
41194,41,CADA,95,FTDA,"52b Avenue De Villefranche, 41200 Romorantin-Lanthenay, France",41200,47.351268,1.745613
80021,80,CPH,50,COALLIA,"53 Avenue De l'Europe, 80080 Amiens, France",80080,49.91246,2.302338
46127,46,CADA,99,LOT POUR TOITS ,"530 Boulevard De La Madeleine, 46300 Gourdon, France",46300,44.740425,1.393152
4047,4,CPH,50,COALLIA,"531 Chemin de l'Hubac de Chadourène, 04660 Champtercier, France",4660,44.082953,6.166107
62261,62,CADA,90,FAOL11,"533 Residence Le Clos Luce - Bd Labrasse, 62780 Cucq, France",62780,50.482134,1.601378
13055,13,HUDA,20,SARA LOGISOL,54 A RUE DE CRIMEE,13001,43.294328,5.379001
73261,73,HUDA,60,ADOMA,54 CHEMIN DE LA ROCHE,73140,45.223816,6.461002
78481,78,CPH,100,EQUALIS,"54 Route De Sartrouville, 78230 Le Pecq, France",78230,48.902738,2.114779
85194,85,HUDA,154,VISTA,54 RUE SIMONE VEIL,85180,46.502071,-1.748291
85194,85,CADA,98,VISTA,"54 Rue Simone Veil, 85180 Les Sables-d'Olonne, France",85180,46.502071,-1.748291
41198,41,CADA,60,HABITAT ET HUMANISME,"540 Le Paradis, 41110 Saint-Aignan, France",41110,47.255611,1.353167
31555,31,CADA,96,FRANCE HORIZON,"55 Grande Rue Saint-Michel, 31400 Toulouse, France",31400,43.587122,1.446653
67482,67,CPH,258,FOYER NOTRE DAME,"55 Rue Gioberti, 67200 Strasbourg, France",67200,48.59099,7.699812
14118,14,HUDA,217,ADOMA,56 RUE LOUIS ROBILLARD,14000,49.162655,-0.363516
14118,14,CADA,92,ADOMA,"56 Rue Louis Robillard, 14000 Caen, France",14000,49.16236,-0.363525
59183,59,HUDA,72,ADOMA,"56, RUE D'UXEM",59640,51.020986,2.353778
49007,49,CADA,90,France horizon,"57 Rue Du Maréchal Juin, 49000 Angers, France",49000,47.447429,-0.568856
9122,9,HUDA,65,INSTITUT PROTESTANT,58 AVENUE DU GENERAL LECLERC,9000,42.976852,1.609094
9122,9,CADA,40,institut protestant,"58 Avenue Du Général Leclerc, 09000 Foix, France",9000,42.976852,1.609094
13055,13,CAES,50,ADRIM,"59 Boulevard De Strasbourg, 13003 Marseille, France",13003,43.3085937,5.3776428
58194,58,CPH,50,FOL 58,"6 Allée Du Docteur Subert, 58000 Nevers, France",58000,46.987547,3.15335
6088,6,CADA,172,ST PIERRE ACTES,"6 Avenue De l'Olivetto, 06000 Nice, France",6000,43.708249,7.268866
89024,89,HUDA,116,COALLIA,6 AVENUE JEAN MERMOZ,89000,47.807536,3.583858
89024,89,CPH,50,COALLIA,"6 Avenue Jean Mermoz, 89000 Auxerre, France",89000,47.807536,3.583858
89024,89,CADA,125,COALLIA,"6 Avenue Jean Mermoz, 89000 Auxerre, France",89000,47.807536,3.583858
74010,74,HUDA,49,ADOMA,"6 AVENUE LUCIEN BOSCHETTI,",74000,45.895309,6.121984
74010,74,CADA,80,ADOMA,"6 Avenue Lucien Boschetti, 74000 Annecy, France",74000,45.89537,6.12196
5023,5,HUDA,15,COALLIA,6 AVENUE MARECHAL LECLERC,5100,44.885594,6.635365
80021,80,CADA,150,APREMIIS,"6 Boulevard Carnot, 80000 Amiens, France",80000,49.890729,2.290542
66136,66,HUDA,88,ACAL,6 BOULEVARD JOHN FITZGERALD KENNEDY,66000,42.689666,2.902204
95585,95,CADA,109,FTDA,"6 Boulevard Maurice Ravel, 95200 Sarcelles, France",95200,48.976083,2.382952
63113,63,HUDA,195,CECLER,6 IMPASSE DES ROUGES GORGES,63000,45.795223,3.100379
43170,43,CADA,110,Leo lagrange,"6 Place Monuments Aux Morts, 43100 Saint-Beauzire, France",43100,45.275035,3.267263
4070,4,CADA,229,ADOMA,"6 Route Des 4 Chemins, 04000 Digne-les-Bains, France",4000,44.06473,6.203509
52121,52,HUDA,66,AATM,6 RUE ANTOINE DE SAINT EXUPERY,52000,48.098657,5.134118
41018,41,CAES,70,ASLD,"6 Rue de l'Arcade, 41000 Blois, France",41000,47.5918739,1.3238582
16106,16,CPH,25,AUDACIA,"6 Rue de la Commanderie, 16500 Confolens, France",16500,46.010692,0.676992
91514,91,CADA,137,COALLIA,"6 Rue Des 2 Communes, 91480 Quincy-sous-Sénart, France",91480,48.680684,2.535157
8105,8,CPH,36,AATM,"6 Rue des Sources, 08000 Charleville-Mézières, France",8000,49.759556,4.72647
33063,33,HUDA,600,CAIO,6 RUE DU NOVICIAT,33000,44.850785,-0.577399
33063,33,CADA,110,CAIO,"6 Rue du Noviciat, 33800 Bordeaux, France",33800,44.831204,-0.562732
25388,25,CADA,80,ADDSEA,"6 Rue Gaston Pretot, 25200 Montbéliard, France",25200,47.492867,6.813397
49099,49,HUDA,75,FRANCE HORIZON,"6 RUE GEORGE SAND,",49300,47.053047,-0.861181
88160,88,HUDA,420,FSM,6 RUE GILBER,88000,48.170781,6.448877
34172,34,CADA,235,ADAGE,"6 Rue Jacques Draparnaud, 34967 Montpellier, France",34967,43.610035,3.865552
60057,60,CADA,85,ADOMA,"6 Rue Jules Verne, 60000 Beauvais, France",60000,49.416377,2.070276
44195,44,HUDA,98,EAUX VIVES,6 RUE PONTCHATEAU,44260,47.362297,-1.945794
23096,23,CADA,50,COMITE D'ACCUEIL CREUSOIS,"6 Rue Salvador Allende, 23000 Guéret, France",23000,46.173394,1.864434
41269,41,CADA,112,FTDA,"60 Avenue Gérard Yvon, 41100 Vendôme, France",41100,47.798464,1.062708
6088,6,CADA,292,ALC,"60 Boulevard Paul Montel, 06200 Nice, France",6200,43.675131,7.207424
72181,72,HUDA,62,NELSON MANDELA,60 RUE DE L'ANGEVINIERE,72000,48.004762,0.207356
24322,24,HUDA,115,ASD,61 RUE LAGRANGE CHANCEL,24000,45.192556,0.708229
61001,61,HUDA,157,COALLIA,61 RUE PIERRE DE COUBERTIN,61000,48.439364,0.101578
1185,1,HUDA,74,ALFA3A,"61, RUE JOSEPH VIALLAZ  ",1110,45.976628,5.601283
27229,27,CPH,20,YSOS,"62 Avenue du Maréchal Foch, 27000 Évreux, France",27000,49.023816,1.131076
86194,86,CPH,80,COALLIA,"62 Avenue Du Plateau Des Glières, 86000 Poitiers, France",86000,46.601349,0.324596
91589,91,HUDA,120,EMMAUS,62 RUE DES PRES SAINT MARTIN,91600,48.681584,2.367011
92004,92,CADA,128,FTDA,"63 Avenue Gabriel Péri, 92600 Asnières-sur-Seine, France",92600,48.917354,2.295507
13055,13,CADA,149,ADRIM,"63 Boulevard de Strasbourg, 13003 Marseille, France",13003,43.308654,5.37776
71342,71,HUDA,26,VILTAIS,"63, AVENUE CHARLES DE GAULLE ",71600,46.448981,4.115695
11069,11,CPH,60,FAOL 11,"632 Avenue Jules Verne, 11000 Carcassonne, France",11000,43.208205,2.330415
93059,93,HUDA,58,COALLIA,64 AVENUE DE LA REPUBLIQUE,93380,48.969113,2.357452
93059,93,CADA,120,COALLIA,"64 Avenue De La République, 93380 Pierrefitte-sur-Seine, France",93380,48.969113,2.357452
63113,63,CPH,70,aide au relogement temporaire,"64 Avenue Léon Blum, 63000 Clermont-Ferrand, France",63000,45.768586,3.094823
3095,3,CADA,120,ADOMA,"64 Rue Antoinette Mizon, 03300 Cusset, France",3300,46.137047,3.449337
93027,93,CADA,151,FTDA,"65 Avenue Jean Mermoz, 93120 La Courneuve, France",93120,48.93249,2.404555
14118,14,HUDA,83,AAJB,65 RUE DES BOUTIQUES,14000,49.204043,-0.379854
14118,14,CADA,143,AAJB,"65 Rue Des Boutiques, 14000 Caen, France",14000,49.204043,-0.379854
8105,8,HUDA,184,AFTAR,66 RUE ALBERT POULAIN,8000,49.783036,4.709829
94038,94,CADA,103,PSTI,"66 Rue De Chevilly, 94240 L'Haÿ-les-Roses, France",94240,48.774396,2.344506
69087,69,HUDA,121,ADOMA,660 RUE DU PRADO,69270,45.838299,4.841378
69087,69,CADA,100,ADOMA,"660 Rue du Prado, 69270 Fontaines-Saint-Martin, France",69270,45.838299,4.841378
72181,72,CADA,109,Nelson Mandela,"67 Rue De l'Angevinière, 72100 Le Mans, France",72100,47.987148,0.183265
83137,83,HUDA,15,FOL 83,68 AVENUE  VICTOR AGOSTINI,85000,43.1305,5.936304
13055,13,CAES,80,ADOMA,"68 Quai du Port, 13002 Marseille, France",13002,43.2961743,5.3699525
60471,60,CADA,74,COALLIA,"684 Rue Du Moulin Saint-blaise, 60400 Noyon, France",60400,49.576756,3.007535
59350,59,CADA,85,SOS SOLIDARITES,"69 Rue Du Long Pot, 59800 Lille, France",59800,50.629738,3.088356
1451,1,HUDA,105,ALFA3A,694 A RUE DES VAREYS,1440,46.219567,5.206361
44109,44,HUDA,88,SOS SOLIDARITES,"7 ALLEE ALAIN GERBAULT 
44200 NANTES",44000,47.209235,-1.526764
44109,44,CADA,140,SOS SOLIDARITES,"7 Allée Alain Gerbault, 44021 Nantes, France",44021,47.209235,-1.526764
44109,44,CADA,118,SOS SOLIDARITES,"7 Allée Alain Gerbault, 44021 Nantes, France",44021,47.209235,-1.526764
94004,94,CADA,84,ADOMA,"7 Avenue Charles De Gaulle, 94470 Boissy-Saint-Léger, France",94470,48.751525,2.502475
91340,91,HUDA,144,EQUALIS,7 AVENUE DU GENERAL DE GAULLE,91090,48.61213,2.421726
93077,93,CADA,105,ADOMA,"7 Impasse Charles Perrault, 93250 Villemomble, France",93250,48.877563,2.515709
88160,88,HUDA,71,ADOMA,7 QUARTIER DE LA MAGDELEINE,88000,48.188809,6.43848
88160,88,CPH,45,ADOMA,"7 Quartier de la Magdeleine, 88000 Épinal, France",88000,48.188809,6.43848
88160,88,CADA,150,ADOMA,"7 Quartier de la Magdeleine, 88000 Épinal, France",88000,48.188809,6.43848
3298,3,CADA,60,COALLIA,"7 Rue Des 3 Maures, 03150 Varennes-sur-Allier, France",3150,46.311964,3.404907
3190,3,CPH,55,FORUM REFUGIES,"7 Rue Des Baumiers, 03000 Moulins, France",3000,46.540339,3.335599
95574,95,HUDA,120,CPCV,7 RUE DU CHATEAU DE LA CHASSE ,95390,49.015289,2.278256
26362,26,HUDA,306,DIACONAT PROTESTANT,7 RUE VERNOUX,26000,44.932352,4.891598
26362,26,CADA,228,DIACONAT PROTESTANT,"7 Rue Vernoux, 26000 Valence, France",26000,44.932332,4.891584
10387,10,CPH,50,CRF,"70 Mail Des Charmilles, 10000 Troyes, France",10000,48.302204,4.08698
59350,59,CAES,165,COALLIA,"70 Rue Gustave Delory, 59777 Lille, France",59777,50.6335836,3.0707097
75113,75,HUDA,186,CASP,70/76 RUE BRILLAT-SAVARIN 75013 PARIS,75013,48.82331,2.343005
60159,60,CADA,117,COALLIA,"71 Rue Du Général Mangin, 60200 Compiègne, France",60200,49.405426,2.822852
45208,45,CADA,95,AIDAPHI,"71 Rue Marcelin Berthelot, 45200 Montargis, France",45200,47.999374,2.741947
59183,59,CADA,90,AFEJI,"710 Rue De Cassel, 59640 Dunkerque, France",59640,51.025218,2.322658
95019,95,CPH,50,ACSC,"73 Avenue De La République, 95400 Arnouville, France",95400,48.981361,2.427417
45338,45,HUDA,27,COALLIA,73 RUE DE LA PONTONNERIE,45700,48.001972,2.717901
76351,76,HUDA,291,ADOMA,74 BOULEVARD DE GRAVILLE,76600,49.480342,0.154025
76351,76,CADA,135,ADOMA,"74 Boulevard de Graville, 76600 Le Havre, France",76600,49.480342,0.154025
76351,76,CPH,50,ADOMA,"74 Boulevard de Graville, 76600 Le Havre, France",76600,49.480342,0.154025
84035,84,CADA,94,ADOMA,"74 Rue Du Hameau De Saint-anne, 84300 Cavaillon, France",84300,43.830553,5.047361
92046,92,CPH,150,CASP,"74c Avenue Pierre Brossolette, 92240 Malakoff, France",92240,48.8187841946561,2.30931220727307
39300,39,HUDA,49,ASMH,75 COURS SULLY,39000,46.67406,5.54535
3310,3,HUDA,105,ADOMA,76 AVENUE DES CELESTINS,3200,46.124306,3.429619
17415,17,CADA,125,TREMPLIN,"76 Cours Lemercier, 17100 Saintes, France",17100,45.74819,-0.642474
94022,94,CADA,179,COALLIA,"76 Rue Du Four, 94600 Choisy-le-Roi, France",94600,48.753951,2.406046
62108,62,CADA,110,FIAC,"76 Rue Du Mal De Lattre De Tassigny, 62600 Berck-sur-Mer, France",62600,50.413373,1.571906
69266,69,CADA,175,FORUM REFUGIES COSI,"76 Rue Nicolas Garnier, 69100 Villeurbanne, France",69100,45.754574,4.917617
78586,78,HUDA,114,SOS SOLIDARITES,78 AVENUE JEAN JAURES,78500,48.940209,2.159908
85191,85,HUDA,154,VISTA,79 RUE SADI CARNOT ,85000,46.670647,-1.420226
85191,85,CADA,160,VISTA,"79 Rue Sadi Carnot, 85000 La Roche-sur-Yon, France",85000,46.670647,-1.420226
51507,51,HUDA,30,JAMAIS SEUL,8 ALLEE DES BOULEUAX,51800,49.0904192,4.8967637
36044,36,CPH,50,AIDAPHI,"8 Allee Du Commerce, 36000 Châteauroux, France",36000,46.795226,1.695037
83069,83,CADA,90,EN CHEMIN,"8 Avenue Du 15ème Corps, 83400 Hyères, France",83400,43.121523,6.1396
83069,83,HUDA,100,EN CHEMIN,8 AVENUE DU XVE CORPS ,83400,43.121523,6.1396
7010,7,CADA,56,ANEF,"8 La Combe Du Prieure, 07100 Annonay, France",7100,45.246319,4.666047
30189,30,CADA,84,ESPELIDO,"8 Rue Bernard de la Treille, 30031 Nîmes, France",30031,43.837622,4.346839
58079,58,CADA,140,FOL58,"8 Rue Bourgeoise, 58500 Clamecy, France",58500,47.460503,3.519224
29019,29,HUDA,70,ADOMA,8 RUE DE TOURAINE ,29000,48.404469,-4.511667
13055,13,CADA,137,SOS SOLIDARITES,"8 Rue Des Trois Freres Barthelemy, 13006 Marseille, France",13006,43.292504,5.384184
87117,87,HUDA,50,MAIRIE,8 RUE DU SOLEIL LEVANT,87470,45.816998,1.776426
68090,68,HUDA,80,ADOMA,8 RUE GENERAL FOREIGNE,68480,47.498863,7.312101
49331,49,HUDA,80,FRANCE HORIZON,8 RUE GOUNOD,49500,47.681123,-0.878778
93005,93,HUDA,190,SOS SOLIDARITES,8 RUE NICOLAS COPERNIC,93600,48.946357,2.474646
38151,38,CADA,100,ENTRAIDE PIERRE VALDO,"8 Rue Octant, 38130 Échirolles, France",38130,45.148818,5.729313
17377,17,CADA,50,VILTAIS,"8 Rue Principale, 17490 Saint-Ouen-la-Thène, France",17490,45.86997,-0.163108
86194,86,CADA,130,AUDACIA,"8 Rue Sainte-Croix, 86000 Poitiers, France",86000,46.580215,0.350137
29151,29,CADA,85,COALLIA,"8 Rue Yves Prigent, 29600 Morlaix, France",29600,48.593296,-3.816795
1443,1,HUDA,30,ADSEA,80 CHEMIN DES OURES,1330,45.996859,5.029021
1443,1,CADA,70,ADSEA,"80 Chemin des Oures, 01330 Villars-les-Dombes, France",1330,45.996859,5.029021
71270,71,CPH,50,LE PONT,"80 Rue De Lyon, 71000 Mâcon, France",71000,46.29886,4.823747
91377,91,CPH,75,CIMADE,"80 Rue Du 8 Mai 1945, 91300 Massy, France",91300,48.72854,2.274477
45155,45,CADA,99,COALLIA,"82 Chemin De Saint-pierre, 45500 Gien, France",45500,47.702986,2.614737
45155,45,HUDA,25,COALLIA,"82, CHEMIN DE SAINT PIERRE",45500,47.702986,2.614737
2722,2,CADA,51,COALLIA,"82bis Avenue De Reims, 02200 Soissons, France",2200,49.373978,3.34053
75118,75,CAES,150,ADOMA,"84 Boulevard Ney, 75018 Paris, France",75018,48.8984696,2.3509096
69123,69,CADA,60,FORUM REFUGIES COSI,"84 Rue Antoine Charial, 69003 Lyon, France",69003,45.757704,4.86964
91521,91,HUDA,172,SOS SOLIDARITES,85 BIS ROUTE DE GRIGNY,91130,48.652114,2.398761
6088,6,HUDA,391,ST PIERRE ACTES,85 BOULEVARD VIRGIL BAREL,6000,43.718303,7.291635
91521,91,CADA,150,Arm�e du Salut,"85 Route De Grigny, 91130 Ris-Orangis, France",91130,48.652097,2.398852
91521,91,CADA,85,SOS SOLIDARITES,"85bis Route De Grigny, 91130 Ris-Orangis, France",91130,48.652114,2.398761
64445,64,CPH,60,COS,"86 Cours Léon Bérard, 64000 Pau, France",64000,43.317455,-0.376537
64445,64,CADA,200,COS,"86 Cours Léon Bérard, 64000 Pau, France",64000,43.317455,-0.376537
65440,65,HUDA,96,FJT,88 AVENUE ALSACE-LORRAINE,65000,43.253115,0.072556
62041,62,CPH,50,AUDASSE,"88 Rue Saint-Aubert, 62000 Arras, France",62000,50.291856,2.770316
56260,56,HUDA,119,AMISEP,89 BOULEVARD DE LA PAIX,56000,47.659582,-2.750522
55029,55,HUDA,67,SESAAM,9 ALLEE DES VOSGES,55000,48.777258,5.169829
51230,51,HUDA,193,CLUB DE PREVENTION,9 Av. de Middelkerke,51200,49.0373256735716,3.97043756335957
78586,78,CADA,105,COALLIA,"9 Avenue Du Val Notre Dame, 78500 Sartrouville, France",78500,48.940625,2.204803
30189,30,CADA,110,SOS SOLIDARITES,"9 bis Rue de Saint-Gilles, 30921 Nîmes, France",30921,43.830808,4.358765
46102,46,HUDA,72,CEIIS,9 IMPASSE DES ROSIERS,46100,44.621514,2.021637
46045,46,CPH,20,CEIIS,"9 Impasse Des Rosiers, 46160 Cajarc, France",46160,44.487151,1.844943
57306,57,HUDA,175,ADOMA,9 RUE D'ARGONNE,57700,49.333665,6.072907
63338,63,CADA,148,FORUM REFUGIES COSI,"9 Rue De La Borde, 63700 Saint-Éloy-les-Mines, France",63700,46.161017,2.843128
23247,23,CPH,40,COMITE ACCUEIL CREUSOIS,"9 Rue de la Marche, 23320 Saint-Vaury, France",23320,46.204648,1.754505
75104,75,CADA,110,CASP,"9 Rue De Rivoli, 75004 Paris, France",75004,48.855709,2.35854
88321,88,HUDA,145,COALLIA,"9 RUE DU COLONEL RENARD 
88300 NEUFCHATEAU",88300,48.356284,5.693512
73117,73,HUDA,135,LA SASSON,9 RUE DU DOCTEUR CONSTANTIN ROS,73500,45.191068,6.649695
85191,85,CADA,44,SOS ,"9 Rue Jean Moulin, 85000 La Roche-sur-Yon, France",85000,46.6753884634418,-1.43771237116411
39198,39,HUDA,85,ST JEAN,9 RUE JEAN XXII,39100,47.087437,5.482211
39198,39,CADA,157,SAINT JEAN,"9 Rue Jean XXIII, 39100 Dole, France",39100,47.086943,5.482315
15014,15,CPH,60,FORUM REFUGIES,"9 Rue Paul Valéry, 15000 Aurillac, France",15000,44.916073,2.413424
75104,75,HUDA,44,CASP,9 RUE RIVOLI,75004,48.855709,2.35854
35236,35,CPH,26,AMISEP,"9 Rue Saint-conwoïon, 35600 Redon, France",35600,47.654617,-2.086883
92019,92,HUDA,200,CASP,"9, RUE RAVON",92340,48.7670404,2.2775316
77288,77,HUDA,29,FTDA,90 AVENUE DU GENERAL PATTON,77000,48.55002,2.646767
77288,77,CADA,159,FTDA,"90 Avenue Marc Jacquet, 77000 Melun, France",77000,48.550076,2.646755
31555,31,CPH,38,UCRM,"92 Route d'Espagne, 31100 Toulouse, France",31100,43.572985,1.424124
31555,31,CADA,100,UCRM,"92 Route d'Espagne, 31100 Toulouse, France",31100,43.572985,1.424124
83137,83,HUDA,60,ADOMA,93 AVENUE COMMANDANT MARCHAND,83000,43.124668,5.937347
24322,24,CADA,82,ASD,"93 Rue Lagrange Chancel, 24000 Périgueux, France",24000,45.19336,0.707111
17300,17,HUDA,78,DIACONESSSES REUILLY,97 TER RUE THIERS,17000,46.161182,-1.147051
3190,3,CADA,90,VILTAIS,"98 Rue De Decize, 03000 Moulins, France",3000,46.573818,3.333189
26198,26,HUDA,75,ADOMA,98 RUE DU TEIL,26200,44.558033,4.728308
73065,73,CADA,60,FOL 73,"99 Rue Dacquin, 73000 Chambéry, France",73000,45.562258,5.922556
13055,13,CADA,158,SARA,"99B Rue de Crimée, 13003 Marseille, France",13003,43.307828,5.379692
21515,21,CPH,66,CRF,"9bis Boulevard Du Champ Aux Métiers, 21800 Quetigny, France",21800,47.307991,5.10512
93046,93,CADA,140,COALLIA,"Allée d'Aumale, 93190 Livry-Gargan, France",93190,48.924487,2.527051
93046,93,CPH,60,COALLIA,"Allée de la Justice, 93190 Livry-Gargan, France",93190,48.932216,2.545944
51507,51,CADA,60,LES DEUX RIVES,"Allée des Bouleaux, 51800 Sainte-Menehould, France",51800,49.093023,4.918425
1289,1,PRAHDA,85,ADOMA,ALLÉE DES CÔTES,1960,46.189431,5.201
37122,37,CADA,130,ADOMA,"Allée des Peupliers, 37300 Joué-lès-Tours, France",37300,47.356359,0.695896
86137,86,HUDA,90,ADOMA,ALLEE DES ROSIES,86200,47.004125,0.074372
35240,35,PRAHDA,86,ADOMA,ALLÉE DES SAULES,35650,48.094512,-1.768323
80021,80,CAES,20,COALLIA,"Armand Thiery, 7 Rue des Trois Cailloux, 80000 Amiens, France",80000,49.8930612,2.2987503
64126,64,CAES,75,FRANCE HORIZON,"Avenue d'Espagne, 64400 Bidos, France",64400,43.1737883,-0.6045239
64445,64,PRAHDA,140,ADOMA,AVENUE DE L'EUROPE,64000,43.330731,-0.353258
62350,62,PRAHDA,100,ADOMA,AVENUE DES ANCIENS COMBATTANTS,62232,50.51411,2.614588
13042,13,PRAHDA,97,ADOMA,AVENUE DU COL DE L’ANGE,13420,43.278942,5.624576
44154,44,CADA,110,AURORE,"Avenue du Président Roosevelt, 44250 Saint-Brévin l'Océan, France",44250,47.2332057,-2.1754238
26198,26,PRAHDA,20,ADOMA,AVENUE DU TEIL,26200,44.558033,4.728308
33063,33,CAES,70,FTDA,"Avenue Émile Counord, 33300 Bordeaux, France",33300,44.8629647,-0.5753056
91521,91,CAES,100,COALLIA,"Avenue Irène et Frédéric Joliot-Curie, 91130 Ris-Orangis, France",91130,48.6401092,2.3999366
1138,1,HUDA,206,ALFA3A,AVENUE JEAN FALCONNIER,1350,45.848121,5.787285
97312,973,HUDA,60,HUMANITY FIRST,AVENUE JEAN GALMOT,97315,45.5,-3
72181,72,CADA,140,Montjoie,"Avenue Léon Bollée, 72000 Le Mans, France",72000,47.997449,0.215956
73171,73,CADA,60,FOL74,"Avenue Paul Louis Merlin, 73800 Montmélian, France",73800,45.503758,6.05681
14118,14,HUDA,52,COALLIA,BD GENERAL VANIER,14000,49.197364,-0.349437
78087,78,HUDA,123,HABITAT ET HUMANISME,BONNELLES,78830,48.619888,2.026398
69264,69,PRAHDA,98,ADOMA,BOULEVARD ALBERT CAMUS,69400,45.98081,4.728536
76351,76,PRAHDA,49,ADOMA,BOULEVARD DE GRAVILLE,76600,49.480342,0.154025
76351,76,CAES,65,ADOMA,"Boulevard de Graville, 76610 Le Havre, France",76610,49.4926233,0.1484046
13055,13,CADA,95,SOS SOLIDARITES,"Boulevard des Aciéries, 13010 Marseille, France",13010,43.2781074875604,5.40130648189344
16292,16,HUDA,40,AUDACIA,"BOULEVARD DES GRANDS ROCS 16700 RUFFEC
",16700,46.030937,0.203644
14327,14,CADA,103,FTDA,"Boulevard du Val Saint-Clair, 14200 Hérouville-Saint-Clair, France",14200,49.206338,-0.325332
49007,49,PRAHDA,71,ADOMA,BOULEVARD GASTON RAMON,49100,47.486478,-0.53708
13055,13,CPH,80,CARAVELLE,"Boulevard Merle, 13012 Marseille, France",13012,43.30095,5.414725
75118,75,CAES,150,FRANCE HORIZON,"Boulevard Ney, 75018 Paris, France",75018,48.8982737,2.3530993
66136,66,CPH,65,ACAL,"Boulevard Président John Fitzgerald Kennedy, 66860 Perpignan, France",66860,42.6897383261182,2.90234028611406
73011,73,CADA,90,ADOMA,"CADA Adoma Albertville, 1250 Chemin des Trois Poiriers, 73200 Albertville, France",73200,45.659499,6.377927
31555,31,CAES,100,ADOMA,"CADA Pierre Nougaro, 37 Chemin des Pradettes, 31100 Toulouse, France",31100,43.5794446,1.3834061
7186,7,CADA,65,FORUM REFUGIES COSI,"Caplab, 10 Boulevard de Lancelot, 07000 Privas, France",7000,44.731594,4.599386
63132,63,CADA,65,DETOURS,"Centre d'accueil de demandeurs d'asile Détours, 3 Rue de Bellevue, 63590 Cunlhat, France",63590,45.632298,3.561914
33550,33,CADA,300,COS,"Centre d'accueil pour demandeurs d'asile, Avenue du Maréchal de Lattre de Tassigny, 33140 Villenave-d'Ornon, France",33140,44.773317,-0.546257
18033,18,CADA,60,ACSC,"Centre d'Activités Techniques, Scientifiques et Sportives, Rue de la Vernusse, 18000 Bourges, France",18000,47.051144,2.406197
51454,51,CADA,179,CRF,"Centre d'affaires #58, 51100 Reims, France",51100,49.237856,4.004877
35236,35,CAES,18,AMISEP,"Centre de formation CLPS, Avenue des Nouies, 35600 Redon, France",35600,47.6633865,-2.0754082
29151,29,CAES,50,COALLIA,"Centre hospitalier des Pays de Morlaix, Rue Saint-Augustin, 29600 Morlaix, France",29600,48.5727063,-3.8336022
77470,77,HUDA,128,EMPREINTES,"CHATEAU DE COMBREUX, ROUTE DEPARTEMENTALE 10 ",77220,48.71271,2.75739
13106,13,CAES,150,FORUM REFUGIES,"Chemin de la Bédoule, 13240 Septèmes-les-Vallons, France",13240,43.402829,5.3572871
73084,73,PRAHDA,96,ADOMA,CHEMIN DE LA CROUZA,73800,45.517926,6.002982
66136,66,PRAHDA,60,ADOMA,CHEMIN DE LA POUDRIÈRE,66000,42.709735,2.895684
80253,80,HUDA,90,ADOMA,CHEMIN DE MILLY,80600,50.162427,2.351546
80253,80,CADA,70,ADOMA,"Chemin de Milly, 80600 Doullens, France",80600,50.162346,2.351953
38087,38,PRAHDA,96,ADOMA,CHEMIN DES COULLARDIERES,38670,45.574888,4.805783
45062,45,CADA,145,COALLIA,"Chemin des Cuneaux, 45520 Cercottes, France",45520,47.999374,1.896169
77079,77,CADA,110,CRF,"Chemin des Pomméreaux, 77430 Champagne-sur-Seine, France",77430,48.398774,2.806419
34337,34,PRAHDA,85,ADOMA,CHEMIN DU LARZAT,34750,43.544635,3.835732
38151,38,CPH,50,ENTRAIDE PIERRE VALDO,"CHU Grenoble Alpes - site Sud, Avenue de Kimberley, 38130 Échirolles, France",38130,45.14896757936,5.72983544152731
24515,24,HUDA,20,CLAIRVIVRE,CITE CLAIRVIVRE,24000,45.19334,0.711299
33063,33,CADA,110,ccas bordeaux,"Cité Municipale, 1 Place Pey Berland, 33000 Bordeaux, France",33000,44.838204,-0.582317
48080,48,CPH,30,FTDA,"Communauté de Communes du Haut Allier, 1 Chemin du Lavoir, 48300 Langogne, France",48300,44.724765,3.854318
83137,83,CADA,148,FTDA,"Cotélac, 83000 Toulon, France",83000,43.123154,5.934153
58059,58,CADA,98,FOL58,"Cour du Château, 58400 La Charité-sur-Loire, France",58400,47.178081,3.016449
75112,75,CAES,450,FRANCHE HORIZON,"Cour du Levant, 75012 Paris, France",75012,48.8323928,2.3908771
76540,76,CAES,20,COALLIA,"Crédit Agricole, 1 Place des Martyrs de la Résistance, 76100 Rouen, France",76100,49.4196855,1.0786868
76540,76,CADA,80,CARREFOUR DES SOLIDARITES,"Derichebourg, 15 Rue Saint-Denis, 76000 Rouen, France",76000,49.438701,1.095714
59178,59,HUDA,160,ADOMA,DORIGNIES,59500,50.391994,3.096943
13117,13,PRAHDA,100,ADOMA,DRAILLE DES TRIBALES,13127,43.447768,5.234983
91216,91,HUDA,84,EMMAUS,EPINAY SUR ORGE,91360,48.66826,2.330924
91223,91,HUDA,40,HABITAT ET HUMANISME,ETAMPES,91150,48.429826,2.156585
91223,91,HUDA,139,COALLIA,ETAMPES,91150,48.429826,2.156585
5061,5,CADA,115,FTDA,"Fab'Alpes, 3 Rue de Valserres, 05000 Gap, France",5000,44.556084,6.07802
13055,13,CADA,30,HOSPITALITE POUR LES FEMMES,"Gare Routière Marseille-Saint-Charles, Rue Léon Gozlan, 13003 Marseille, France",13003,43.30398,5.380682
95280,95,HUDA,99,AURORE,GONESSE,95190,49.036157,2.466501
91122,91,HUDA,60,ACSC,HAMEAU LA BRICHE,91440,48.683482,2.157942
91602,91,HUDA,100,ACSC,HAMEAU LA BRICHE,91580,48.535822,2.173796
61001,61,CADA,162,ALTHEA,"Hôtel de la préfecture, Rue Saint-Blaise, 61000 Alençon, France",61000,48.4329735792321,0.092007974633797
92046,92,HUDA,110,COALLIA,impasse Carnot,92240,48.81742,2.294086
74169,74,CADA,31,ALFA3A,"Impasse des Artisans, 74460 Marnaz, France",74460,46.069753,6.527488
67482,67,PRAHDA,113,ADOMA,IMPASSE DES MAÇONS,67000,48.585099,7.753794
35288,35,CADA,20,COALLIA,"Joumel, Rue du Clos Vert, 35400 Saint-Malo, France",35400,48.642082,-1.988626
2408,2,HUDA,121,ACCUEIL ET PROMOTION,LE BOIS DU CHARRON,2000,49.544928,3.585045
42019,42,HUDA,53,ENTRAIDE PIERRE VALDO,LE BOURG SAINT-THURIN 42111 VETRE SUR ANZON,42130,45.745903,4.003824
13055,13,CADA,117,ALOTRA,"Le CANA, 514 Chemin de la Madrague Ville, 13015 Marseille, France",13015,43.345237,5.354659
30007,30,HUDA,65,LE CLEDE,LE CLEDE,30100,44.143544,4.090257
66136,66,HUDA,197,ACAL,LE SEUIL - ACAL,66000,42.699096,2.89959
51454,51,CADA,95,Armée du Salut,"Les allées de la Pergola, 51100 Reims, France",51100,49.282103,4.020167
89013,89,PRAHDA,82,ADOMA,LIEU DIT LE CHAUMOIS,89380,47.85335,3.544419
16292,16,CPH,20,AUDACIA,"Lycée Roc Fleuri, 6 Boulevard des Grands Rocs, 16700 Ruffec, France",16700,46.030937,0.203644
75114,75,HUDA,75,AURORE,PARIS,75014,48.859,2.347
29105,29,PRAHDA,90,ADOMA,PASSAGE JEAN BART,29400,48.507772,-4.075816
87064,87,CADA,103,ADOMA,"Piscine d'été, Chemin du Buchou, 87120 Eymoutiers, France",87120,45.742218,1.73675
74241,74,CADA,120,LE NID,"Place d'Ambion, 74490 Saint-Jeoire, France",74490,46.137257,6.451964
2722,2,CAES,10,COALLIA,"Place de l'Hôtel de Ville, Rue de la Paix, 02200 Soissons, France",2200,49.3837621,3.327613
35238,35,CADA,38,AURORE,"Place de la Mairie, 35000 Rennes, France",35000,48.1113387,-1.6800198
33318,33,CAES,100,FRANCE HORIZON,"Place de la Ve République, 33600 Pessac, France",33600,44.805615,-0.6308396
59508,59,PRAHDA,85,ADOMA,PLACE JEAN JAURÈS,59223,50.753072,3.121458
59234,59,CAES,60,COALLIA,"Place Mendès-France, 59128 Flers-en-Escrebieux, France",59128,50.400885,3.049201
54395,54,CAES,45,ARS,"Place Stanislas, 54100 Nancy, France",54100,48.6937223,6.1834097
34172,34,CAES,165,Deux Choses l'Une,"Préfecture de l'Hérault, 34 Place des Martyrs de la Résistance, 34062 Montpellier, France",34062,43.6112422,3.8767337
81171,81,HUDA,69,RELAIS DE MONTANS,PUECH DU TAUR,81600,43.85142,1.817583
92024,92,HUDA,214,ALTERALIA,QUAI DE CLICHY,92110,48.90348,2.304932
14118,14,CAES,120,2 CHOSES L'une,"Quai de Normandie, 14000 Caen, France",14000,49.1835533,-0.3430139
44109,44,CAES,320,FRANCE HORIZON,"Quai de Versailles, 44000 Nantes, France",44000,47.2230518,-1.5533309
93050,93,PRAHDA,106,ADOMA,R,93300,48.8704140131398,2.53666029021005
2408,2,CADA,104,ACCUEIL ET PROMOTION,"Résidence Bois du Charron, D 651, 02000 Laon, France",2000,49.544928,3.585045
3186,3,HUDA,30,FR COSI,RESIDENCE CHATEAU CHARLES,3390,46.316226,2.962899
3186,3,CADA,100,FORUM REFUGIES COSI,"Résidence Château Charles, 03390 Montmarault, France",3390,46.315965,2.951795
81163,81,CADA,80,ARMEE DU SALUT,"Résidence Foch, Rue d'Australie, 81200 Mazamet, France",81200,43.498319,2.376072
52045,52,PRAHDA,86,ADOMA,ROUTE DE BAR LE DUC,52100,48.651666,4.961714
24376,24,PRAHDA,35,ADOMA,ROUTE DE BORDEAUX (SAINT-AULAYE),24410,45.192653,0.126843
9079,9,CADA,100,ADOMA,"Route de Castéras, 09130 Le Carla-Bayle, France",9130,43.147028,1.397672
48038,48,CADA,100,FTDA,"Route de Langogne, 48600 Bel-Air-Val-d'Ance, France",48600,44.852093,3.661487
83071,83,PRAHDA,100,ADOMA,ROUTE DE SAINT HONORE,83250,43.151327,6.283019
71270,71,PRAHDA,82,ADOMA,ROUTE DE SAINT-MARTIN (SENNECÉ-LÈS-MÂCON),71000,46.36528,4.842013
56121,56,PRAHDA,86,ADOMA,RUE ALBERT CAMUS,56100,47.764531,-3.381077
3185,3,PRAHDA,94,ADOMA,RUE ALBERT EINSTEIN,3100,46.348797,2.604242
62770,62,CAES,60,LA VIE ACTIVE,"Rue Auguste Dubois, 62350 Saint-Venant, France",62350,50.6237649,2.5492669
87085,87,CPH,50,ARSL,"Rue Barthélémy Thimonnier, 87280 Limoges, France",87280,45.883849,1.274555
51504,51,CAES,74,CRF,"Rue Charles Marie Ravel, 51520 Saint-Martin-sur-le-Pré, France",51520,48.9847507,4.3442614
79048,79,PRAHDA,92,ADOMA,RUE CHARLES TELLIER,79260,46.34949,-0.310951
78383,78,PRAHDA,102,ADOMA,RUE CLAUDE BERNARD,78310,48.761907,1.921387
63113,63,CAES,54,FORUM REFUGIES,"Rue d'Effiat, 63100 Clermont-Ferrand, France",63100,45.7861062,3.103405
61077,61,PRAHDA,86,ADOMA,RUE DE BEL AIR,61000,48.448369,0.117556
78172,78,PRAHDA,136,ADOMA,RUE DE CERGY,78700,49.006444,2.085179
95424,95,CADA,105,COALLIA,"Rue de l'Espérance, 95370 Montigny-lès-Cormeilles, France",95370,49.003131,2.206762
38151,38,CAES,100,ENTRAIDE PIERRE VALDO,"Rue de l'Octant, 38130 Échirolles, France",38130,45.149833,5.7281644
75101,75,HUDA,12,EMMAUS,RUE DE LA BOURDONNAIS,75001,48.859516,2.344549
36006,36,CADA,60,VILTAIS,"Rue de la Gare, 36200 Argenton-sur-Creuse, France",36200,46.5920299,1.5173634
86158,86,CAES,93,Audacia,"Rue de la Longerolle, 86440 Migné-Auxances, France",86440,46.6302269,0.3361764
86194,86,PRAHDA,114,ADOMA,RUE DE LA PAILLERIE,86000,46.553083,0.308378
65417,65,PRAHDA,85,ADOMA,RUE DE LA PAIX,65600,43.220595,0.108084
45284,45,PRAHDA,107,ADOMA,RUE DE LA PLANCHE DE PIERRE,45800,47.911436,1.969535
72008,72,PRAHDA,188,ADOMA,RUE DE LA RIVIÈRE,72230,47.950855,0.181794
18033,18,HUDA,10,ACSC,RUE DE LA VERNUSSE,18000,47.051212,2.406483
58149,58,HUDA,60,FOL,RUE DE LAFOND,58170,46.786893,3.977945
51230,51,PRAHDA,117,ADOMA,RUE DE LORRAINE,51200,49.039426,3.968281
60057,60,CAES,35,ADARS,"Rue de Maidstone, 60000 Beauvais, France",60000,49.440782,2.0988739
78005,78,PRAHDA,101,ADOMA,RUE DE SEINE,78260,48.967448,2.058199
72181,72,CADA,120,ALTHEA,"Rue de Tchécoslovaquie, 72100 Le Mans, France",72100,47.994875,0.231764
27275,27,PRAHDA,52,ADOMA,RUE DE VERDUN,27600,49.160963,1.33696
23096,23,CADA,50,VILTAIS,"Rue de Vernet, 23000 Guéret, France",23000,46.188373,1.879267
38170,38,PRAHDA,96,ADOMA,RUE DES 4 SETEREES,38120,45.251081,5.655986
21231,21,HUDA,45,COALLIA,RUE DES ATELIERS,21000,47.299499,5.025437
71176,71,CADA,110,ADOMA,"Rue des Blattiers, 71160 Digoin, France",71160,46.492866,4.001391
13063,13,HUDA,32,HABITAT PLURIEL,RUE DES CALANQUES,13140,43.57473,5.002654
14437,14,PRAHDA,110,ADOMA,RUE DES FRÈRES LUMIÈRE,14120,49.159702,-0.308486
82134,82,PRAHDA,20,ADOMA,RUE DES LILAS,82800,44.070132,1.534833
52448,52,HUDA,23,RESIDENCE SOCIALE,RUE DES LOYES,52100,48.627639,4.972767
54382,54,PRAHDA,73,ADOMA,RUE DES OEILLETS,54350,49.543779,5.790339
31458,31,PRAHDA,108,ADOMA,RUE DES PERIOLES,31120,43.491005,1.344041
1249,1,CADA,188,ALFA3A,"Rue des Peupliers, 01700 Miribel, France",1700,45.829415,4.971683
1249,1,CPH,60,ALFA3A,"Rue des Peupliers, 01700 Miribel, France",1700,45.829415,4.971683
25056,25,PRAHDA,93,ADOMA,RUE DES SAINT-MARTIN,25000,47.24309,5.99587
65258,65,CADA,148,PYRENNES TERRE D'ACCUEIL,"Rue du Bié de Bagnères, 65300 Lannemezan, France",65300,43.123306,0.380504
91103,91,CADA,115,CRF,"Rue du Château de La Fontaine, 91220 Brétigny-sur-Orge, France",91220,48.615502,2.303987
33063,33,CADA,130,DIACONAT PROTESTANT,"Rue du Commandant Arnould, 33000 Bordeaux, France",33000,44.835197,-0.577287
54261,54,PRAHDA,100,ADOMA,RUE DU CÔTEAU,54440,49.519081,5.798626
56075,56,CADA,108,COALLIA,"Rue du Four, 56380 Guer, France",56380,47.902698,-2.119866
68090,68,PRAHDA,20,ADOMA,RUE DU GENERAL MOREIGNE,68480,47.498863,7.312101
77394,77,PRAHDA,133,ADOMA,RUE DU PERRÉ,77950,48.552355,2.671831
87085,87,PRAHDA,34,ADOMA,RUE DU QUAI MILITAIRE,87100,45.845814,1.281698
57193,57,PRAHDA,86,ADOMA,RUE GAY LUSSAC,57365,49.230114,6.216229
29075,29,PRAHDA,86,ADOMA,RUE HENRI BECQUEREL,29490,48.431576,-4.443261
69149,69,PRAHDA,85,ADOMA,RUE JACQUARD,69600,45.709585,4.812654
31555,31,PRAHDA,81,ADOMA,RUE JACQUES BABINET,31100,43.572724,1.409996
60395,60,CADA,64,COALLIA,"Rue Marcel Coquet, 60110 Méru, France",60110,49.222307,2.137657
70261,70,CADA,39,AHS FC,"Rue Marcel Rozard, 70000 Frotey-lès-Vesoul, France",70000,47.620447,6.180534
10030,10,PRAHDA,84,ADOMA,RUE MARYSE BASTIE,10600,48.335867,4.018895
75113,75,CPH,25,COALLIA,"Rue Nationale, 75013 Paris, France",75013,48.82709,2.365796
35189,35,CAES,50,AURORE,"Rue Newton, 35760 Montgermont, France",35760,48.1546468,-1.706589
59183,59,PRAHDA,127,ADOMA,RUE PASTEUR (SAINT-POL-SUR-MER),59430,51.030221,2.34812
31028,31,PRAHDA,59,ADOMA,RUE PORTE DE BENQUE,31420,43.217359,0.882158
33281,33,PRAHDA,92,ADOMA,RUE RUDOLF DIESEL,33700,44.836944,-0.686838
24294,24,PRAHDA,40,ADOMA,RUE SAINT-ROCH,24700,45.009747,0.158097
14366,14,CPH,89,ITINERAIRES,"Rue Théodore Gericault, 14100 Lisieux, France",14100,49.141402,0.243089
52121,52,CADA,181,FTDA,"Rue Victor Fourcault, 52000 Chaumont, France",52000,48.11393,5.142694
52121,52,CPH,50,FTDA,"Rue Victor Fourcault, 52000 Chaumont, France",52000,48.11393,5.142694
76561,76,HUDA,67,ADOMA,RUE VOLTAIRE,76410,49.303449,1.006023
67482,67,PRAHDA,113,ADOMA,RUE WELSCH,67100,48.534164,7.768773
95585,95,CAES,200,FRANCE HORIZON,"Sarcelles Principal, 14 Rue Carnot, 95200 Sarcelles, France",95200,48.9939301,2.3729578
28088,28,CADA,124,AIDAPHI,"Théâtre de Châteaudun, Rue Saint-André, 28200 Châteaudun, France",28200,48.070916,1.327354
83069,83,CPH,70,EN CHEMIN,"Villa St Paul, 83400 Hyères, France",83400,43.1237844383743,6.1371816355832
18255,18,PRAHDA,99,ADOMA,ZAC DU BOIS DES CHAGNIÈRES,18570,47.044365,2.331852
2482,2,HUDA,11,COALLIA,"2 Rue De Merval, 02160 Blanzy-lès-Fismes, France",2160,49.337886,3.675706
6088,6,HUDA,100,API PROVENCE,"88 Boulevard Mantéga-Righi, 06100 Nice, France",6000,43.713012,7.250987
81004,81,HUDA,29,SOLIH,"14 Rue De La République, 81000 Albi, France",8100,43.929864,2.149681
10006,10,HUDA,60,CRF,"16 Rue Veuve Dupont Rigault, 10700 Arcis-sur-Aube, France",10700,48.534489,4.144911
13055,13,HUDA,6,AMICALE DU NID,"7 Avenue Benjamin Delessert, 13010 Marseille, France",13001,43.282,5.405
13055,13,HUDA,60,ADRIM,"7 Avenue Benjamin Delessert, 13010 Marseille, France",13003,43.282,5.405
13055,13,HUDA,129,LA CARAVELLE,"7 Avenue Benjamin Delessert, 13010 Marseille, France",13008,43.282,5.405
14118,14,HUDA,50,PASSERELLES,"Rue de l'Académie, 14000 Caen, France",14000,49.184316,-0.37193
17377,17,HUDA,14,VILTAIS,"8 Rue Principale, 17490 Saint-Ouen-la-Thène, France",17490,45.86997,-0.163108
21231,21,HUDA,24,DEUX CHOSES L'UNE,"14 Rue Claude Hoin, 21000 Dijon, France",21000,47.331848,5.033601
21231,21,HUDA,29,ADEFO,"14 Rue Claude Hoin, 21000 Dijon, France",21000,47.331848,5.033601
23176,23,HUDA,80,COMITE ACCUEIL CREUSOIS,"Rue de la Font aux Moines, 23300 La Souterraine, France",23300,46.2383347,1.4861387
27229,27,HUDA,87,ACCUEIL SERVICE,"55 Rue de Pannette, 27000 Évreux, France",27000,49.020599,1.146898
28134,28,HUDA,66,GIP RELAIS LOGEMENT,"28 Avenue Du President Wilson, 28100 Dreux, France",28100,48.745749,1.36554
30156,30,PRAHDA,123,ADOMA,"Chemin de la Granelle, 30320 Marguerittes, France",30320,43.856469,4.423819
33013,33,PRAHDA,100,ADOMA,"Avenue de la Prairie, 33370 Artigues-près-Bordeaux, France",33370,44.867228,-0.497331
35238,35,HUDA,225,COALLIA,"5 Rue Du Griffon, 35000 Rennes, France",35000,48.110899,-1.68365
35215,35,HUDA,96,AMISEP,"14 Route De Thourie, 35640 Martigné-Ferchaud, France",35640,47.836391,-1.341136
38185,38,HUDA,35,AFPA,"L'Univers, Rue André Maginot, 38000 Grenoble, France",38000,45.182081,5.7243
40088,40,HUDA,70,CRF,"45 Boulevard Hippolyte Sintas, 40100 Dax, France",40100,43.700723,-1.06016
44109,44,HUDA,105,,"2 Chemin de la Houssinière, 44300 Nantes, France",44000,47.239367,-1.555335
45068,45,HUDA,27,COALLIA,"2 Rue Régnault, 45120 Châlette-sur-Loing, France",45120,48.019121,2.720474
48061,48,HUDA,3,QUOI DE 9,"4000 Vebron Village, 48400 Vebron, France",48400,44.241304,3.579235
50025,50,HUDA,128,COALLIA,"1 Chaussonnière - St Martin, 50300 St.-Martin-des-Champs, France",50300,48.678396,-1.344601
51108,51,HUDA,24,CCAS,"7 Rue Sainte-Marguerite, 51000 Châlons-en-Champagne, France",51000,48.955254,4.368278
57221,57,HUDA,40,AMLI,"8 Avenue Robert Schuman, 57190 Florange, France",57190,49.325254,6.128166
57540,57,HUDA,120,CMSEA ,"Les Oliviers, Rue du Général Devers, 57370 Phalsbourg, France",57370,48.765612,7.2622
57597,57,HUDA,83,AMLI,"51 Place Jean Burger, 57780 Rosselange, France",57780,49.258323,6.068627
59350,59,HUDA,13,AIR,"89 Boulevard Vauban, 59800 Lille, France",59000,50.630992,3.045433
60471,60,HUDA,110,ADOMA,"68 Rue Hector Berlioz, 60400 Noyon, France",60400,49.584517,3.003812
64422,64,HUDA,45,FRANCE HORIZON,"41 Rue Georges Messier, 64400 Oloron-Sainte-Marie, France",64400,43.178857,-0.610248
67482,67,HUDA,149,AMLI,"1 Place Du Foin, 67000 Strasbourg, France",67000,48.579831,7.761454
68066,68,HUDA,12,ESPOIR,"3a3 Route d'Ingersheim, 68000 Colmar, France",68000,48.081502,7.352569
68224,68,HUDA,50,ACCES,"40 Rue Lavoisier, 68200 Mulhouse, France",68100,47.751678,7.326517
71076,71,PRAHDA,82,ADOMA,"51 Rue François Protheau, 71100 Chalon-sur-Saône, France",71100,46.797581,4.835487
75112,75,HUDA,50,COALLIA,"104 Rue de Rivoli, 75001 Paris, France",75012,48.859,2.347
75119,75,HUDA,119,HABITAT ET HUMANISME,"104 Rue de Rivoli, 75001 Paris, France",75019,48.859,2.347
77284,77,HUDA,148,CRF,"29 Avenue Des Sablons Bouillants, 77100 Meaux, France",77100,48.959287,2.902726
77284,77,HUDA,66,CRF,"29 Avenue Des Sablons Bouillants, 77100 Meaux, France",77100,48.959287,2.902726
77284,77,HUDA,30,EQUALIS,"29 Avenue Des Sablons Bouillants, 77100 Meaux, France",77100,48.959287,2.902726
77333,77,HUDA,76,CRF,"6 Haute Du Châtelet, 77140 Nemours, France",77140,48.266711,2.703049
77079,77,HUDA,180,CRF,"19 Rue Grande, 77430 Champagne-sur-Seine, France",77430,48.402337,2.800349
77058,77,HUDA,168,EQUALIS,"35 Boulevard Thibaud De Champagne, 77600 Bussy-Saint-Georges, France",77600,48.839173,2.715779
79191,79,HUDA,17,CENTRE HOSPITALIER,"10 Rue Pierre Antoine Baugier, 79000 Niort, France",79000,46.327372,-0.466291
79191,79,HUDA,15,CRF,"10 Rue Pierre Antoine Baugier, 79000 Niort, France",79000,46.327372,-0.466291
79174,79,HUDA,15,CCAS MELLE,"D 120, 79500 Melle, France",79500,46.205106,-0.148103
79007,79,HUDA,15,VIVRE AU PEUX,"1 Le Peu, 79130 Allonne, France",79800,46.5847283771317,-0.376200406108351
80021,80,HUDA,89,ADOMA,"25 Chemin Du Malaquis, 80000 Rivery, France",80000,49.895894,2.314669
81065,81,HUDA,28,SOLIDAC,"19 Place Jean Jaurès, 81100 Castres, France",81000,43.6053809,2.2411289
84007,84,HUDA,188,ENTRAIDE PIERRE VALDO,"24 Avenue de Fontcouverte, 84000 Avignon, France",84000,43.936694,4.845053
87085,87,HUDA,50,AFPA,"18 Allée Murillo, 87100 Limoges, France",87000,45.856159,1.221254
87161,87,HUDA,10,AUDACIA,"Rue Saint-Léonard, 87400 Saint-Léonard-de-Noblat, France",87400,45.837968,1.489285
91135,91,HUDA,285,CRF,"3 Avenue Du Chateau, 91750 Champcueil, France",91750,48.508581,2.458967
92049,92,HUDA,112,HABITAT ET HUMANISME,"34 Rue Marcelin Berthelot, 92120 Montrouge, France",92120,48.815929,2.316207
94052,94,HUDA,82,AUVM,"15 Rue André Pontier, 94130 Nogent-sur-Marne, France",94130,48.837475,2.480913
94034,94,HUDA,96,CRF,"7 Allée Traversière, 94260 Fresnes, France",94260,48.757544,2.324537
94081,94,HUDA,150,EMMAUS,"22 Rue du 18 Juin 1940, 94400 Vitry-sur-Seine, France",94400,48.789495,2.39571
95127,95,HUDA,162,ESPERER 95,"Ehpad Le Menhir, Rue de Vauréal, 95000 Cergy, France",95000,49.04227,2.045547
97101,971,HUDA,20,CRF,Guadeloupe,97100,46.5,-3
97209,972,HUDA,30,CRF,Martinique,97200,46,-3
97302,973,HUDA,139,HUMANITY FIRST,Guyane,97300,45,-3
97307,973,HUDA,100,SOS SOLIDARITES,Guyane,97351,45.2,-3
97411,974,HUDA,95,CRF,La Réunion,97400,-20.87875,"  
55.448528"
14200,14,CAO,60,Préfecture du Calvados,59 rue de Tierceville 14480 Creully-sur-Seulles,14480,49.288299,-0.531323
54526,54,CHU,60,Préfecture de Meurthe-et-Moselle,"2 rue Jean Moulin, 54510 Tomblaine",54510,48.694304,6.2120597
6038,6,MECS / MNA,71,ENTRAIDE PIERRE VALDO,"44 Chemin du Cabanon, 06740 Châteauneuf-Grasse",6740,43.68050201,6.974020269
42218,42,MECS / MNA,,ENTRAIDE PIERRE VALDO,"62 rue Parmentier, 42009 Saint-Etienne",42009,45.413448,4.401087
69266,69,MNA,,ENTRAIDE PIERRE VALDO,"34 bis rue de la Feyssine, 69100 Villeurbanne",69100,45.783840984,4.88984571972
84007,84,MECS / MNA,,ENTRAIDE PIERRE VALDO,82 route de Monfavet 84000 Avignon,84000,43.94052352,4.82755061
84007,84,ASSAJIE,,ENTRAIDE PIERRE VALDO,82 route de Monfavet 84000 Avignon,84000,43.94052352,4.82755061
